EventID,TrackID,SectionID,Class,Frame,X,Y,DateTime
1661,5303,Haltelinie,car,156,328,273,2022-10-17 18:45:07
1662,5303,Querschnitt_Straße,car,183,686,398,2022-10-17 18:45:09
1663,5313,FG1,person,40,585,232,2022-10-17 18:45:02
1664,5332,FG1,person,42,602,238,2022-10-17 18:45:02
1665,5337,FG1,person,7,602,240,2022-10-17 18:45:00
1666,5339,FG1,person,12,602,239,2022-10-17 18:45:00
1667,5341,FG1,person,48,723,291,2022-10-17 18:45:02
1668,5352,FG2,person,89,270,455,2022-10-17 18:45:04
1669,5352,Querschnitt_Straße,person,424,710,387,2022-10-17 18:45:21
1670,5353,FG2,person,91,289,466,2022-10-17 18:45:04
1671,5361,FG1,person,126,720,288,2022-10-17 18:45:06
1672,5364,FG2,person,647,313,498,2022-10-17 18:45:32
1673,5371,FG1,bicycle,231,715,289,2022-10-17 18:45:11
1674,5386,Haltelinie,car,871,421,242,2022-10-17 18:45:43
1675,5386,Querschnitt_Straße,car,911,760,354,2022-10-17 18:45:45
1676,5397,Haltelinie,person,435,476,222,2022-10-17 18:45:21
1677,5405,Haltelinie,car,937,419,244,2022-10-17 18:45:46
1678,5405,Querschnitt_Straße,car,967,756,357,2022-10-17 18:45:48
1679,5409,Querschnitt_Straße,unclear,480,501,529,2022-10-17 18:45:24
1680,5414,Haltelinie,car,878,314,276,2022-10-17 18:45:43
1681,5414,Querschnitt_Straße,car,913,663,421,2022-10-17 18:45:45
1682,5415,Querschnitt_Straße,unclear,640,788,339,2022-10-17 18:45:32
1683,5429,Haltelinie,car,992,428,238,2022-10-17 18:45:49
1684,5429,Querschnitt_Straße,car,1020,782,342,2022-10-17 18:45:51
1685,5432,FG1,unclear,711,787,316,2022-10-17 18:45:35
1686,5432,Querschnitt_Straße,unclear,677,782,338,2022-10-17 18:45:33
1687,5436,Querschnitt_Straße,person,611,722,378,2022-10-17 18:45:30
1688,5444,Haltelinie,car,1036,426,238,2022-10-17 18:45:51
1689,5459,Haltelinie,car,927,320,278,2022-10-17 18:45:46
1690,5459,Querschnitt_Straße,car,959,661,420,2022-10-17 18:45:47
1691,5464,Haltelinie,car,986,310,279,2022-10-17 18:45:49
1692,5464,Querschnitt_Straße,car,1011,661,429,2022-10-17 18:45:50
1693,5469,Haltelinie,car,1027,332,271,2022-10-17 18:45:51
1694,5469,Querschnitt_Straße,car,1050,706,397,2022-10-17 18:45:52
1695,5473,Querschnitt_Straße,unclear,892,783,329,2022-10-17 18:45:44
1696,5479,Haltelinie,car,1100,340,270,2022-10-17 18:45:55
1697,5479,Querschnitt_Straße,car,1126,693,391,2022-10-17 18:45:56
1698,5484,Haltelinie,car,1074,417,244,2022-10-17 18:45:53
1699,5484,Querschnitt_Straße,car,1100,755,347,2022-10-17 18:45:55
1700,5490,Haltelinie,car,1055,347,269,2022-10-17 18:45:52
1701,5492,Haltelinie,car,1204,417,242,2022-10-17 18:46:00
1702,5492,Querschnitt_Straße,car,1231,762,352,2022-10-17 18:46:01
1703,5493,Querschnitt_Straße,car,1049,704,398,2022-10-17 18:45:52
1704,5499,Querschnitt_Straße,car,1064,782,338,2022-10-17 18:45:53
1705,5500,Haltelinie,car,1148,411,242,2022-10-17 18:45:57
1706,5500,Querschnitt_Straße,car,1174,756,352,2022-10-17 18:45:58
1707,5506,Haltelinie,car,1786,423,241,2022-10-17 18:46:29
1708,5506,Querschnitt_Straße,car,1820,777,339,2022-10-17 18:46:31
1709,5512,FG2,unclear,1541,395,575,2022-10-17 18:46:17
1710,5518,Haltelinie,car,1259,415,244,2022-10-17 18:46:02
1711,5518,Querschnitt_Straße,car,1279,761,360,2022-10-17 18:46:03
1712,5522,Haltelinie,car,1885,425,239,2022-10-17 18:46:34
1713,5522,Querschnitt_Straße,car,1917,770,351,2022-10-17 18:46:35
1714,5532,Haltelinie,car,1836,422,240,2022-10-17 18:46:31
1715,5532,Querschnitt_Straße,car,1867,752,353,2022-10-17 18:46:33
1716,5541,Haltelinie,car,1768,330,275,2022-10-17 18:46:28
1717,5541,Querschnitt_Straße,car,1793,674,408,2022-10-17 18:46:29
1718,5549,Haltelinie,car,1933,426,237,2022-10-17 18:46:36
1719,5549,Querschnitt_Straße,car,1968,784,340,2022-10-17 18:46:38
1720,5557,FG2,person,1524,231,413,2022-10-17 18:46:16
1721,5566,Querschnitt_Straße,unclear,1528,502,504,2022-10-17 18:46:16
1722,5572,Haltelinie,car,1821,323,275,2022-10-17 18:46:31
1723,5572,Querschnitt_Straße,car,1843,678,418,2022-10-17 18:46:32
1724,5587,FG1,person,2288,607,241,2022-10-17 18:46:54
1725,5592,Haltelinie,car,1867,328,274,2022-10-17 18:46:33
1726,5592,Querschnitt_Straße,car,1889,675,406,2022-10-17 18:46:34
1727,5627,Haltelinie,person,2261,469,225,2022-10-17 18:46:53
1728,5627,FG2,person,2122,270,455,2022-10-17 18:46:46
1729,5639,FG2,person,2138,166,347,2022-10-17 18:46:46
1730,5641,FG2,person,2151,225,408,2022-10-17 18:46:47
1731,5648,FG1,person,2414,595,237,2022-10-17 18:47:00
1732,5671,FG2,person,2295,228,416,2022-10-17 18:46:54
1733,5672,FG1,person,2410,606,241,2022-10-17 18:47:00
1734,5677,Haltelinie,car,2550,334,270,2022-10-17 18:47:07
1735,5677,Querschnitt_Straße,car,2577,696,405,2022-10-17 18:47:08
1736,5681,FG1,person,2506,589,234,2022-10-17 18:47:05
1737,5681,FG2,person,2392,200,386,2022-10-17 18:46:59
1738,5682,Haltelinie,car,2605,326,277,2022-10-17 18:47:10
1739,5682,Querschnitt_Straße,car,2631,669,418,2022-10-17 18:47:11
1740,5691,FG1,person,2482,793,319,2022-10-17 18:47:04
1741,5691,Querschnitt_Straße,person,2680,792,331,2022-10-17 18:47:14
1742,5700,Haltelinie,car,2652,331,271,2022-10-17 18:47:12
1743,5700,Querschnitt_Straße,car,2680,673,413,2022-10-17 18:47:14
1744,5704,FG1,person,2510,709,284,2022-10-17 18:47:05
1745,5707,Haltelinie,car,2581,421,243,2022-10-17 18:47:09
1746,5707,Querschnitt_Straße,car,2605,759,353,2022-10-17 18:47:10
1747,5721,Haltelinie,car,2647,423,241,2022-10-17 18:47:12
1748,5721,Querschnitt_Straße,car,2671,755,351,2022-10-17 18:47:13
1749,5727,Haltelinie,car,2684,320,277,2022-10-17 18:47:14
1750,5727,Querschnitt_Straße,car,2709,664,421,2022-10-17 18:47:15
1751,5731,Haltelinie,car,2732,422,242,2022-10-17 18:47:16
1752,5731,Querschnitt_Straße,car,2759,766,352,2022-10-17 18:47:17
1753,5737,Haltelinie,car,2731,335,271,2022-10-17 18:47:16
1754,5737,Querschnitt_Straße,car,2756,672,409,2022-10-17 18:47:17
1755,5740,FG1,person,2693,791,305,2022-10-17 18:47:14
1756,5740,Querschnitt_Straße,person,2692,790,335,2022-10-17 18:47:14
1757,5742,Haltelinie,car,2789,443,235,2022-10-17 18:47:19
1758,5749,Haltelinie,car,2791,314,277,2022-10-17 18:47:19
1759,5749,Querschnitt_Straße,car,2812,655,420,2022-10-17 18:47:20
1760,5752,Haltelinie,person,2760,258,296,2022-10-17 18:47:18
1761,5754,Haltelinie,motorcycle,2761,256,299,2022-10-17 18:47:18
1762,5756,Haltelinie,car,2835,326,274,2022-10-17 18:47:21
1763,5756,Querschnitt_Straße,car,2857,675,416,2022-10-17 18:47:22
1764,5757,Haltelinie,car,2842,419,241,2022-10-17 18:47:22
1765,5757,Querschnitt_Straße,car,2868,761,357,2022-10-17 18:47:23
1766,5758,FG1,person,2820,644,258,2022-10-17 18:47:21
1767,5762,Querschnitt_Straße,motorcycle,2787,619,451,2022-10-17 18:47:19
1768,5763,Haltelinie,car,2875,425,244,2022-10-17 18:47:23
1769,5763,Querschnitt_Straße,car,2904,760,355,2022-10-17 18:47:25
1770,5767,Haltelinie,car,3161,328,276,2022-10-17 18:47:38
1771,5767,Querschnitt_Straße,car,3184,686,394,2022-10-17 18:47:39
1772,5771,Querschnitt_Straße,motorcycle,2785,586,481,2022-10-17 18:47:19
1773,5774,Querschnitt_Straße,car,2818,778,337,2022-10-17 18:47:20
1774,5779,Haltelinie,bus,3083,306,282,2022-10-17 18:47:34
1775,5779,Querschnitt_Straße,bus,3156,671,407,2022-10-17 18:47:37
1776,5786,FG1,person,2879,765,307,2022-10-17 18:47:23
1777,5789,Haltelinie,person,2929,515,207,2022-10-17 18:47:26
1778,5789,FG1,person,2861,550,218,2022-10-17 18:47:23
1779,5795,FG1,person,2894,740,296,2022-10-17 18:47:24
1780,5800,FG1,person,3039,694,277,2022-10-17 18:47:31
1781,5807,Haltelinie,person,3555,486,219,2022-10-17 18:47:57
1782,5814,FG1,person,3116,742,298,2022-10-17 18:47:35
1783,5820,Haltelinie,person,3145,154,333,2022-10-17 18:47:37
1784,5820,FG2,person,3150,157,340,2022-10-17 18:47:37
1785,5822,FG1,person,3141,694,278,2022-10-17 18:47:37
1786,5822,Querschnitt_Straße,person,3480,688,400,2022-10-17 18:47:54
1787,5831,Haltelinie,car,3998,334,272,2022-10-17 18:48:19
1788,5831,Querschnitt_Straße,car,4027,676,406,2022-10-17 18:48:21
1789,5835,FG2,person,3459,303,483,2022-10-17 18:47:52
1790,5844,Haltelinie,car,4053,317,279,2022-10-17 18:48:22
1791,5844,Querschnitt_Straße,car,4080,659,426,2022-10-17 18:48:24
1792,5847,Haltelinie,car,3986,438,236,2022-10-17 18:48:19
1793,5847,Querschnitt_Straße,car,4026,783,341,2022-10-17 18:48:21
1794,5848,FG2,person,3383,233,414,2022-10-17 18:47:49
1795,5850,Haltelinie,person,3539,467,224,2022-10-17 18:47:56
1796,5850,FG2,person,3383,196,377,2022-10-17 18:47:49
1797,5860,FG1,person,3554,662,264,2022-10-17 18:47:57
1798,5860,Querschnitt_Straße,person,3470,714,385,2022-10-17 18:47:53
1799,5867,Querschnitt_Straße,person,3511,619,450,2022-10-17 18:47:55
1800,5880,FG1,person,3701,607,242,2022-10-17 18:48:05
1801,5880,FG2,person,3464,222,400,2022-10-17 18:47:53
1802,5884,FG2,person,3466,195,376,2022-10-17 18:47:53
1803,5914,Haltelinie,person,3926,479,222,2022-10-17 18:48:16
1804,5931,FG1,person,3715,752,302,2022-10-17 18:48:05
1805,5936,Haltelinie,car,5102,430,240,2022-10-17 18:49:15
1806,5936,Querschnitt_Straße,car,5130,772,351,2022-10-17 18:49:16
1807,5940,FG1,person,3730,675,270,2022-10-17 18:48:06
1808,5941,FG1,person,3784,648,259,2022-10-17 18:48:09
1809,5942,Querschnitt_Straße,person,3746,788,335,2022-10-17 18:48:07
1810,5947,FG1,person,3773,675,270,2022-10-17 18:48:08
1811,5948,FG1,person,3850,751,301,2022-10-17 18:48:12
1812,5958,Haltelinie,person,3929,492,217,2022-10-17 18:48:16
1813,5972,FG1,person,3902,667,267,2022-10-17 18:48:15
1814,5979,Haltelinie,person,3927,484,220,2022-10-17 18:48:16
1815,5982,Haltelinie,person,3931,486,219,2022-10-17 18:48:16
1816,5983,Haltelinie,person,3936,479,224,2022-10-17 18:48:16
1817,5990,FG1,person,4012,607,244,2022-10-17 18:48:20
1818,5997,Haltelinie,car,4075,426,241,2022-10-17 18:48:23
1819,5997,Querschnitt_Straße,car,4104,766,348,2022-10-17 18:48:25
1820,6001,Haltelinie,person,4595,516,209,2022-10-17 18:48:49
1821,6001,FG1,person,4597,518,205,2022-10-17 18:48:49
1822,6004,Haltelinie,car,4164,345,268,2022-10-17 18:48:28
1823,6004,Querschnitt_Straße,car,4189,694,402,2022-10-17 18:48:29
1824,6006,Haltelinie,car,4105,323,273,2022-10-17 18:48:25
1825,6006,Querschnitt_Straße,car,4133,668,410,2022-10-17 18:48:26
1826,6007,Haltelinie,car,4197,302,281,2022-10-17 18:48:29
1827,6007,Querschnitt_Straße,car,4219,630,437,2022-10-17 18:48:30
1828,6009,FG2,person,4490,201,383,2022-10-17 18:48:44
1829,6018,FG1,person,4064,573,228,2022-10-17 18:48:23
1830,6019,FG1,person,4153,536,212,2022-10-17 18:48:27
1831,6028,Querschnitt_Straße,car,4109,792,337,2022-10-17 18:48:25
1832,6031,FG1,person,4286,557,221,2022-10-17 18:48:34
1833,6032,FG1,person,4142,548,218,2022-10-17 18:48:27
1834,6036,Haltelinie,car,4758,321,273,2022-10-17 18:48:57
1835,6036,Querschnitt_Straße,car,4787,680,413,2022-10-17 18:48:59
1836,6039,Haltelinie,car,4805,323,277,2022-10-17 18:49:00
1837,6039,Querschnitt_Straße,car,4835,661,414,2022-10-17 18:49:01
1838,6040,Haltelinie,car,4740,427,239,2022-10-17 18:48:57
1839,6040,Querschnitt_Straße,car,4781,764,346,2022-10-17 18:48:59
1840,6046,Haltelinie,car,4789,415,244,2022-10-17 18:48:59
1841,6046,Querschnitt_Straße,car,4822,754,352,2022-10-17 18:49:01
1842,6052,Haltelinie,car,4859,428,240,2022-10-17 18:49:02
1843,6052,Querschnitt_Straße,car,4889,758,350,2022-10-17 18:49:04
1844,6058,Haltelinie,car,4861,346,269,2022-10-17 18:49:03
1845,6058,Querschnitt_Straße,car,4891,693,392,2022-10-17 18:49:04
1846,6060,FG2,person,4368,335,520,2022-10-17 18:48:38
1847,6070,Querschnitt_Straße,person,4388,691,399,2022-10-17 18:48:39
1848,6076,Querschnitt_Straße,person,4428,739,368,2022-10-17 18:48:41
1849,6078,Querschnitt_Straße,person,4513,794,331,2022-10-17 18:48:45
1850,6080,Querschnitt_Straße,person,4385,665,422,2022-10-17 18:48:39
1851,6086,FG1,person,4514,536,217,2022-10-17 18:48:45
1852,6101,FG1,person,4503,536,207,2022-10-17 18:48:45
1853,6104,FG1,person,4595,786,316,2022-10-17 18:48:49
1854,6107,Haltelinie,person,4532,479,222,2022-10-17 18:48:46
1855,6110,Haltelinie,person,4530,482,221,2022-10-17 18:48:46
1856,6112,Haltelinie,person,4575,488,219,2022-10-17 18:48:48
1857,6123,FG1,person,4618,572,227,2022-10-17 18:48:50
1858,6133,Haltelinie,person,4684,497,215,2022-10-17 18:48:54
1859,6137,FG1,person,4693,792,318,2022-10-17 18:48:54
1860,6149,Haltelinie,car,4907,427,241,2022-10-17 18:49:05
1861,6149,Querschnitt_Straße,car,4937,761,351,2022-10-17 18:49:06
1862,6163,Haltelinie,car,4904,314,278,2022-10-17 18:49:05
1863,6163,Querschnitt_Straße,car,4928,664,422,2022-10-17 18:49:06
1864,6164,Querschnitt_Straße,person,4837,784,337,2022-10-17 18:49:01
1865,6167,Haltelinie,person,4909,506,212,2022-10-17 18:49:05
1866,6167,FG1,person,4890,548,217,2022-10-17 18:49:04
1867,6172,Haltelinie,car,4992,319,277,2022-10-17 18:49:09
1868,6172,Querschnitt_Straße,car,5022,670,418,2022-10-17 18:49:11
1869,6173,Haltelinie,car,4952,336,272,2022-10-17 18:49:07
1870,6173,Querschnitt_Straße,car,4986,685,409,2022-10-17 18:49:09
1871,6175,Haltelinie,car,4951,425,242,2022-10-17 18:49:07
1872,6175,Querschnitt_Straße,car,4982,762,350,2022-10-17 18:49:09
1873,6187,Haltelinie,car,5033,316,277,2022-10-17 18:49:11
1874,6187,Querschnitt_Straße,car,5062,658,427,2022-10-17 18:49:13
1875,6191,Haltelinie,car,4988,422,241,2022-10-17 18:49:09
1876,6191,Querschnitt_Straße,car,5017,767,349,2022-10-17 18:49:10
1877,6200,Haltelinie,car,5024,403,248,2022-10-17 18:49:11
1878,6200,Querschnitt_Straße,car,5055,742,363,2022-10-17 18:49:12
1879,6213,Querschnitt_Straße,car,4994,705,403,2022-10-17 18:49:09
1880,6216,Haltelinie,motorcycle,5077,309,279,2022-10-17 18:49:13
1881,6216,Querschnitt_Straße,motorcycle,5113,635,428,2022-10-17 18:49:15
1882,6224,FG1,person,5078,565,224,2022-10-17 18:49:13
1883,6228,FG2,person,5684,247,429,2022-10-17 18:49:44
1884,6234,Haltelinie,car,5160,432,238,2022-10-17 18:49:18
1885,6234,Querschnitt_Straße,car,5190,769,350,2022-10-17 18:49:19
1886,6235,Haltelinie,bus,5203,306,281,2022-10-17 18:49:20
1887,6235,Querschnitt_Straße,bus,5268,626,399,2022-10-17 18:49:23
1888,6239,Querschnitt_Straße,person,5110,607,466,2022-10-17 18:49:15
1889,6244,Haltelinie,person,5541,502,213,2022-10-17 18:49:37
1890,6244,FG2,person,5866,324,508,2022-10-17 18:49:53
1891,6252,Haltelinie,car,5345,346,265,2022-10-17 18:49:27
1892,6252,Querschnitt_Straße,car,5369,711,391,2022-10-17 18:49:28
1893,6263,FG1,person,5293,604,241,2022-10-17 18:49:24
1894,6263,FG2,person,5783,363,550,2022-10-17 18:49:49
1895,6277,Querschnitt_Straße,person,5722,682,407,2022-10-17 18:49:46
1896,6281,Haltelinie,car,5461,412,246,2022-10-17 18:49:33
1897,6281,Querschnitt_Straße,car,5481,746,355,2022-10-17 18:49:34
1898,6283,Querschnitt_Straße,car,5370,702,387,2022-10-17 18:49:28
1899,6284,Haltelinie,person,5443,513,210,2022-10-17 18:49:32
1900,6284,FG1,person,5427,519,205,2022-10-17 18:49:31
1901,6299,FG1,person,5666,579,231,2022-10-17 18:49:43
1902,6301,FG1,person,5904,687,275,2022-10-17 18:49:55
1903,6301,Querschnitt_Straße,person,5720,533,506,2022-10-17 18:49:46
1904,6302,Haltelinie,car,6030,323,275,2022-10-17 18:50:01
1905,6302,Querschnitt_Straße,car,6062,678,406,2022-10-17 18:50:03
1906,6307,Haltelinie,car,6091,349,267,2022-10-17 18:50:04
1907,6307,Querschnitt_Straße,car,6118,684,393,2022-10-17 18:50:05
1908,6308,FG1,person,5717,770,310,2022-10-17 18:49:45
1909,6308,Querschnitt_Straße,person,5831,711,387,2022-10-17 18:49:51
1910,6309,Haltelinie,car,6061,425,242,2022-10-17 18:50:03
1911,6309,Querschnitt_Straße,car,6101,765,351,2022-10-17 18:50:05
1912,6313,Querschnitt_Straße,person,5748,643,433,2022-10-17 18:49:47
1913,6320,Querschnitt_Straße,person,6433,745,364,2022-10-17 18:50:21
1914,6323,Haltelinie,car,6113,427,238,2022-10-17 18:50:05
1915,6323,Querschnitt_Straße,car,6144,763,354,2022-10-17 18:50:07
1916,6329,FG1,person,5803,563,223,2022-10-17 18:49:50
1917,6329,FG2,person,5973,206,393,2022-10-17 18:49:58
1918,6334,FG2,person,5875,344,525,2022-10-17 18:49:53
1919,6338,FG1,person,5850,791,318,2022-10-17 18:49:52
1920,6338,Querschnitt_Straße,person,5888,780,341,2022-10-17 18:49:54
1921,6340,Haltelinie,person,5818,500,214,2022-10-17 18:49:50
1922,6362,FG1,person,5905,674,270,2022-10-17 18:49:55
1923,6367,Querschnitt_Straße,person,5927,779,340,2022-10-17 18:49:56
1924,6375,FG1,person,5984,656,262,2022-10-17 18:49:59
1925,6385,Haltelinie,car,6161,409,248,2022-10-17 18:50:08
1926,6385,Querschnitt_Straße,car,6190,746,357,2022-10-17 18:50:09
1927,6386,Querschnitt_Straße,person,6399,767,348,2022-10-17 18:50:19
1928,6391,Querschnitt_Straße,person,6500,687,402,2022-10-17 18:50:25
1929,6394,Haltelinie,car,6204,414,246,2022-10-17 18:50:10
1930,6394,Querschnitt_Straße,car,6232,757,360,2022-10-17 18:50:11
1931,6395,Haltelinie,car,6250,400,246,2022-10-17 18:50:12
1932,6395,Querschnitt_Straße,car,6277,746,358,2022-10-17 18:50:13
1933,6410,Haltelinie,car,6327,332,272,2022-10-17 18:50:16
1934,6410,Querschnitt_Straße,car,6831,694,402,2022-10-17 18:50:41
1935,6415,Haltelinie,car,6837,435,237,2022-10-17 18:50:41
1936,6415,Querschnitt_Straße,car,6877,782,340,2022-10-17 18:50:43
1937,6417,Haltelinie,car,6848,311,277,2022-10-17 18:50:42
1938,6417,Querschnitt_Straße,car,6882,661,417,2022-10-17 18:50:44
1939,6420,Haltelinie,car,6407,332,274,2022-10-17 18:50:20
1940,6422,Haltelinie,car,6901,323,277,2022-10-17 18:50:45
1941,6422,Querschnitt_Straße,car,6927,667,411,2022-10-17 18:50:46
1942,6425,Haltelinie,car,6905,417,242,2022-10-17 18:50:45
1943,6425,Querschnitt_Straße,car,6934,762,351,2022-10-17 18:50:46
1944,6462,FG1,person,6654,760,305,2022-10-17 18:50:32
1945,6463,Haltelinie,person,6640,504,212,2022-10-17 18:50:32
1946,6463,FG1,person,6709,591,235,2022-10-17 18:50:35
1947,6464,Querschnitt_Straße,person,6628,746,369,2022-10-17 18:50:31
1948,6466,FG1,person,6722,602,241,2022-10-17 18:50:36
1949,6477,Haltelinie,car,10263,431,239,2022-10-17 18:53:33
1950,6477,Querschnitt_Straße,car,10301,787,334,2022-10-17 18:53:35
1951,6480,Querschnitt_Straße,truck,6841,701,402,2022-10-17 18:50:42
1952,6481,Haltelinie,car,6837,436,237,2022-10-17 18:50:41
1953,6482,Haltelinie,car,6951,424,240,2022-10-17 18:50:47
1954,6482,Querschnitt_Straße,car,6979,761,350,2022-10-17 18:50:48
1955,6486,Haltelinie,car,6936,312,275,2022-10-17 18:50:46
1956,6486,Querschnitt_Straße,car,6961,665,424,2022-10-17 18:50:48
1957,6487,Haltelinie,car,6994,327,273,2022-10-17 18:50:49
1958,6487,Querschnitt_Straße,car,7020,688,405,2022-10-17 18:50:51
1959,6489,Querschnitt_Straße,person,7244,515,520,2022-10-17 18:51:02
1960,6490,Querschnitt_Straße,person,7209,587,471,2022-10-17 18:51:00
1961,6492,Haltelinie,car,7562,321,275,2022-10-17 18:51:18
1962,6492,Querschnitt_Straße,car,7593,674,410,2022-10-17 18:51:19
1963,6496,Haltelinie,car,6980,431,240,2022-10-17 18:50:49
1964,6496,Querschnitt_Straße,car,7009,768,349,2022-10-17 18:50:50
1965,6501,Haltelinie,car,7635,328,273,2022-10-17 18:51:21
1966,6501,Querschnitt_Straße,car,7660,677,412,2022-10-17 18:51:23
1967,6515,FG2,person,7162,291,477,2022-10-17 18:50:58
1968,6518,FG1,person,7044,601,239,2022-10-17 18:50:52
1969,6518,FG2,person,7254,302,484,2022-10-17 18:51:02
1970,6525,FG1,person,7485,603,240,2022-10-17 18:51:14
1971,6525,FG2,person,7196,231,413,2022-10-17 18:50:59
1972,6526,Haltelinie,car,7599,427,240,2022-10-17 18:51:19
1973,6526,Querschnitt_Straße,car,7644,765,351,2022-10-17 18:51:22
1974,6537,FG1,person,7377,784,315,2022-10-17 18:51:08
1975,6537,Querschnitt_Straße,person,7336,784,337,2022-10-17 18:51:06
1976,6539,Haltelinie,car,7691,328,272,2022-10-17 18:51:24
1977,6539,Querschnitt_Straße,car,7715,679,406,2022-10-17 18:51:25
1978,6571,Haltelinie,car,7653,425,240,2022-10-17 18:51:22
1979,6571,Querschnitt_Straße,car,7698,762,352,2022-10-17 18:51:24
1980,6592,FG1,person,7373,772,311,2022-10-17 18:51:08
1981,6595,FG1,person,7499,789,316,2022-10-17 18:51:14
1982,6595,Querschnitt_Straße,person,7445,792,331,2022-10-17 18:51:12
1983,6596,FG1,person,7381,789,317,2022-10-17 18:51:09
1984,6596,Querschnitt_Straße,person,7381,789,317,2022-10-17 18:51:09
1985,6617,FG1,person,7557,698,280,2022-10-17 18:51:17
1986,6624,FG1,person,7631,582,231,2022-10-17 18:51:21
1987,6628,Haltelinie,car,7736,321,273,2022-10-17 18:51:26
1988,6628,Querschnitt_Straße,car,7759,676,413,2022-10-17 18:51:27
1989,6630,Haltelinie,car,7849,322,274,2022-10-17 18:51:32
1990,6630,Querschnitt_Straße,car,7875,667,420,2022-10-17 18:51:33
1991,6631,Haltelinie,car,7725,418,245,2022-10-17 18:51:26
1992,6631,Querschnitt_Straße,car,7761,758,358,2022-10-17 18:51:28
1993,6636,Haltelinie,car,7796,330,274,2022-10-17 18:51:29
1994,6636,Querschnitt_Straße,car,7826,660,417,2022-10-17 18:51:31
1995,6640,FG1,person,8181,607,243,2022-10-17 18:51:49
1996,6640,FG2,person,7986,300,482,2022-10-17 18:51:39
1997,6653,FG1,person,7998,545,216,2022-10-17 18:51:39
1998,6655,Haltelinie,car,8361,418,243,2022-10-17 18:51:58
1999,6655,Querschnitt_Straße,car,8396,764,354,2022-10-17 18:51:59
2000,6656,FG1,person,7832,706,285,2022-10-17 18:51:31
2001,6657,Haltelinie,car,8361,319,278,2022-10-17 18:51:58
2002,6657,Querschnitt_Straße,car,8401,663,412,2022-10-17 18:52:00
2003,6658,Haltelinie,person,7861,516,210,2022-10-17 18:51:33
2004,6666,FG1,person,7932,523,206,2022-10-17 18:51:36
2005,6668,Haltelinie,car,8425,322,275,2022-10-17 18:52:01
2006,6668,Querschnitt_Straße,car,8450,679,412,2022-10-17 18:52:02
2007,6669,Querschnitt_Straße,person,7971,734,370,2022-10-17 18:51:38
2008,6676,FG1,person,8190,596,238,2022-10-17 18:51:49
2009,6676,FG2,person,7992,277,461,2022-10-17 18:51:39
2010,6677,Haltelinie,person,7962,506,213,2022-10-17 18:51:38
2011,6680,Haltelinie,person,7963,513,209,2022-10-17 18:51:38
2012,6691,Haltelinie,car,8460,325,277,2022-10-17 18:52:03
2013,6691,Querschnitt_Straße,car,8488,660,419,2022-10-17 18:52:04
2014,6699,Haltelinie,car,8525,327,273,2022-10-17 18:52:06
2015,6699,Querschnitt_Straße,car,8549,670,405,2022-10-17 18:52:07
2016,6707,FG1,person,8115,643,256,2022-10-17 18:51:45
2017,6719,Haltelinie,car,8415,418,244,2022-10-17 18:52:00
2018,6719,Querschnitt_Straße,car,8445,765,353,2022-10-17 18:52:02
2019,6728,Querschnitt_Straße,person,8287,785,338,2022-10-17 18:51:54
2020,6742,FG1,person,8370,655,262,2022-10-17 18:51:58
2021,6744,Haltelinie,car,8563,411,244,2022-10-17 18:52:08
2022,6744,Querschnitt_Straße,car,8593,761,353,2022-10-17 18:52:09
2023,6745,Haltelinie,car,8457,416,243,2022-10-17 18:52:02
2024,6745,Querschnitt_Straße,car,8485,766,352,2022-10-17 18:52:04
2025,6748,Haltelinie,car,8506,414,242,2022-10-17 18:52:05
2026,6748,Querschnitt_Straße,car,8535,769,352,2022-10-17 18:52:06
2027,6750,Haltelinie,person,8471,497,214,2022-10-17 18:52:03
2028,6781,Haltelinie,bus,8728,307,282,2022-10-17 18:52:16
2029,6790,Querschnitt_Straße,person,8730,781,339,2022-10-17 18:52:16
2030,6791,Haltelinie,car,8832,404,247,2022-10-17 18:52:21
2031,6791,Querschnitt_Straße,car,8851,744,356,2022-10-17 18:52:22
2032,6804,Querschnitt_Straße,person,9177,628,443,2022-10-17 18:52:38
2033,6808,Haltelinie,person,8808,505,212,2022-10-17 18:52:20
2034,6808,FG1,person,8856,582,231,2022-10-17 18:52:22
2035,6809,Haltelinie,person,8831,491,218,2022-10-17 18:52:21
2036,6817,FG1,person,8870,604,237,2022-10-17 18:52:23
2037,6822,FG1,person,8932,657,263,2022-10-17 18:52:26
2038,6828,FG1,person,8980,765,307,2022-10-17 18:52:29
2039,6834,Haltelinie,person,9028,478,223,2022-10-17 18:52:31
2040,6837,Haltelinie,car,9419,336,272,2022-10-17 18:52:50
2041,6837,Querschnitt_Straße,car,9447,702,404,2022-10-17 18:52:52
2042,6838,Haltelinie,person,9133,514,209,2022-10-17 18:52:36
2043,6838,FG1,person,9113,540,213,2022-10-17 18:52:35
2044,6839,FG2,person,9063,242,423,2022-10-17 18:52:33
2045,6842,Querschnitt_Straße,person,9092,496,533,2022-10-17 18:52:34
2046,6843,FG1,person,9253,790,318,2022-10-17 18:52:42
2047,6843,Querschnitt_Straße,person,9219,791,332,2022-10-17 18:52:40
2048,6845,FG1,person,9232,606,241,2022-10-17 18:52:41
2049,6848,Querschnitt_Straße,person,9119,467,554,2022-10-17 18:52:35
2050,6852,Haltelinie,car,9464,341,270,2022-10-17 18:52:53
2051,6852,Querschnitt_Straße,car,9491,684,408,2022-10-17 18:52:54
2052,6858,Querschnitt_Straße,person,9149,571,480,2022-10-17 18:52:37
2053,6867,Haltelinie,person,9127,175,326,2022-10-17 18:52:36
2054,6867,Querschnitt_Straße,person,9431,447,573,2022-10-17 18:52:51
2055,6868,Querschnitt_Straße,unclear,9134,565,487,2022-10-17 18:52:36
2056,6869,Haltelinie,bicycle,9133,189,320,2022-10-17 18:52:36
2057,6877,Haltelinie,car,9545,358,261,2022-10-17 18:52:57
2058,6877,Querschnitt_Straße,car,9568,726,380,2022-10-17 18:52:58
2059,6883,Querschnitt_Straße,person,9185,675,418,2022-10-17 18:52:39
2060,6895,FG2,person,9209,256,437,2022-10-17 18:52:40
2061,6896,FG2,person,9200,220,405,2022-10-17 18:52:40
2062,6920,FG1,person,9423,737,297,2022-10-17 18:52:51
2063,6921,Haltelinie,car,9539,343,256,2022-10-17 18:52:56
2064,6930,Querschnitt_Straße,person,9433,450,569,2022-10-17 18:52:51
2065,6942,Haltelinie,car,9596,325,274,2022-10-17 18:52:59
2066,6942,Querschnitt_Straße,car,9615,665,406,2022-10-17 18:53:00
2067,6949,FG2,person,9777,247,436,2022-10-17 18:53:08
2068,6951,Haltelinie,car,9639,418,246,2022-10-17 18:53:01
2069,6951,Querschnitt_Straße,car,9662,751,356,2022-10-17 18:53:03
2070,6955,Querschnitt_Straße,person,9916,583,474,2022-10-17 18:53:15
2071,6960,Querschnitt_Straße,person,9893,624,444,2022-10-17 18:53:14
2072,6961,Haltelinie,car,10167,420,243,2022-10-17 18:53:28
2073,6961,Querschnitt_Straße,car,10211,768,351,2022-10-17 18:53:30
2074,6962,FG1,unclear,9652,735,295,2022-10-17 18:53:02
2075,6962,Querschnitt_Straße,unclear,9770,759,354,2022-10-17 18:53:08
2076,6965,Haltelinie,car,10158,336,272,2022-10-17 18:53:27
2077,6965,Querschnitt_Straße,car,10191,692,402,2022-10-17 18:53:29
2078,6971,Haltelinie,car,10215,425,241,2022-10-17 18:53:30
2079,6971,Querschnitt_Straße,car,10249,761,350,2022-10-17 18:53:32
2080,6976,Haltelinie,car,10225,314,278,2022-10-17 18:53:31
2081,6976,Querschnitt_Straße,car,10255,657,425,2022-10-17 18:53:32
2082,6977,Haltelinie,car,10304,436,235,2022-10-17 18:53:35
2083,6977,Querschnitt_Straße,car,10333,776,339,2022-10-17 18:53:36
2084,6979,Haltelinie,car,10281,310,277,2022-10-17 18:53:34
2085,6979,Querschnitt_Straße,car,10305,654,419,2022-10-17 18:53:35
2086,6985,FG1,person,9973,707,283,2022-10-17 18:53:18
2087,6985,Querschnitt_Straße,person,9892,748,360,2022-10-17 18:53:14
2088,7005,FG1,person,10140,600,239,2022-10-17 18:53:27
2089,7005,FG2,person,9967,242,423,2022-10-17 18:53:18
2090,7015,FG2,person,9958,196,387,2022-10-17 18:53:17
2091,7052,FG2,person,10862,380,567,2022-10-17 18:54:03
2092,7052,Querschnitt_Straße,person,10845,718,382,2022-10-17 18:54:02
2093,7071,Haltelinie,bus,10387,302,280,2022-10-17 18:53:39
2094,7071,Querschnitt_Straße,bus,10438,670,412,2022-10-17 18:53:41
2095,7075,Haltelinie,car,10304,338,272,2022-10-17 18:53:35
2096,7075,Querschnitt_Straße,car,10328,695,403,2022-10-17 18:53:36
2097,7081,Haltelinie,car,10360,418,243,2022-10-17 18:53:38
2098,7081,Querschnitt_Straße,car,10389,761,355,2022-10-17 18:53:39
2099,7103,Haltelinie,car,10459,328,276,2022-10-17 18:53:42
2100,7103,Querschnitt_Straße,car,10490,664,413,2022-10-17 18:53:44
2101,7109,Haltelinie,car,10541,359,262,2022-10-17 18:53:47
2102,7109,Querschnitt_Straße,car,10571,719,380,2022-10-17 18:53:48
2103,7110,Haltelinie,car,10493,418,242,2022-10-17 18:53:44
2104,7110,Querschnitt_Straße,car,10552,760,354,2022-10-17 18:53:47
2105,7115,Haltelinie,car,10457,414,244,2022-10-17 18:53:42
2106,7115,Querschnitt_Straße,car,10506,763,351,2022-10-17 18:53:45
2107,7125,Haltelinie,car,10429,423,239,2022-10-17 18:53:41
2108,7125,Querschnitt_Straße,car,10464,772,349,2022-10-17 18:53:43
2109,7130,Haltelinie,person,10482,477,223,2022-10-17 18:53:44
2110,7130,FG2,person,10864,248,431,2022-10-17 18:54:03
2111,7131,Haltelinie,car,10537,377,271,2022-10-17 18:53:46
2112,7132,Haltelinie,car,11222,331,273,2022-10-17 18:54:21
2113,7132,Querschnitt_Straße,car,11262,686,403,2022-10-17 18:54:23
2114,7135,Haltelinie,car,11182,415,243,2022-10-17 18:54:19
2115,7135,Querschnitt_Straße,car,11229,758,355,2022-10-17 18:54:21
2116,7141,Querschnitt_Straße,car,10568,758,391,2022-10-17 18:53:48
2117,7143,Haltelinie,car,11249,428,238,2022-10-17 18:54:22
2118,7143,Querschnitt_Straße,car,11287,767,349,2022-10-17 18:54:24
2119,7144,Querschnitt_Straße,car,11164,761,354,2022-10-17 18:54:18
2120,7162,FG2,person,10982,374,559,2022-10-17 18:54:09
2121,7164,Haltelinie,car,11277,330,273,2022-10-17 18:54:23
2122,7164,Querschnitt_Straße,car,11308,675,414,2022-10-17 18:54:25
2123,7166,FG2,person,10738,191,375,2022-10-17 18:53:56
2124,7168,FG2,person,10733,235,417,2022-10-17 18:53:56
2125,7172,Querschnitt_Straße,person,10820,717,382,2022-10-17 18:54:01
2126,7173,Haltelinie,person,10774,487,219,2022-10-17 18:53:58
2127,7182,FG2,person,10817,210,393,2022-10-17 18:54:00
2128,7185,Haltelinie,person,10862,411,245,2022-10-17 18:54:03
2129,7196,Querschnitt_Straße,person,10992,441,569,2022-10-17 18:54:09
2130,7203,Haltelinie,person,10912,469,225,2022-10-17 18:54:05
2131,7203,FG2,person,11098,194,373,2022-10-17 18:54:14
2132,7209,FG1,unclear,11035,795,320,2022-10-17 18:54:11
2133,7209,Querschnitt_Straße,unclear,11017,791,332,2022-10-17 18:54:10
2134,7215,FG1,person,10942,609,242,2022-10-17 18:54:07
2135,7241,Haltelinie,car,11357,344,269,2022-10-17 18:54:27
2136,7241,Querschnitt_Straße,car,11396,689,396,2022-10-17 18:54:29
2137,7247,Haltelinie,person,11119,517,210,2022-10-17 18:54:15
2138,7247,FG1,person,11099,541,211,2022-10-17 18:54:14
2139,7259,Querschnitt_Straße,car,11174,778,341,2022-10-17 18:54:18
2140,7273,Haltelinie,person,11395,507,213,2022-10-17 18:54:29
2141,7273,FG1,person,11344,569,226,2022-10-17 18:54:27
2142,7276,Haltelinie,person,11360,500,215,2022-10-17 18:54:28
2143,7276,FG1,person,11307,571,228,2022-10-17 18:54:25
2144,7279,Querschnitt_Straße,car,11289,765,342,2022-10-17 18:54:24
2145,7291,Haltelinie,car,11976,412,244,2022-10-17 18:54:58
2146,7291,Querschnitt_Straße,car,12008,764,354,2022-10-17 18:55:00
2147,7293,Haltelinie,person,11507,497,217,2022-10-17 18:54:35
2148,7293,FG1,person,11454,573,228,2022-10-17 18:54:32
2149,7297,FG1,person,11748,750,302,2022-10-17 18:54:47
2150,7297,FG2,person,11553,254,434,2022-10-17 18:54:37
2151,7319,Haltelinie,car,12023,417,243,2022-10-17 18:55:01
2152,7319,Querschnitt_Straße,car,12054,751,352,2022-10-17 18:55:02
2153,7324,Haltelinie,car,12068,428,242,2022-10-17 18:55:03
2154,7324,Querschnitt_Straße,car,12096,759,351,2022-10-17 18:55:04
2155,7331,FG2,person,11566,229,411,2022-10-17 18:54:38
2156,7334,Haltelinie,person,11816,468,225,2022-10-17 18:54:50
2157,7334,FG2,person,11608,274,458,2022-10-17 18:54:40
2158,7335,Haltelinie,car,11989,334,270,2022-10-17 18:54:59
2159,7335,Querschnitt_Straße,car,12029,683,404,2022-10-17 18:55:01
2160,7337,FG2,person,11557,191,381,2022-10-17 18:54:37
2161,7351,FG1,person,11735,791,320,2022-10-17 18:54:46
2162,7351,FG2,person,11622,209,392,2022-10-17 18:54:41
2163,7357,Haltelinie,person,11621,483,220,2022-10-17 18:54:41
2164,7358,Haltelinie,person,11631,471,224,2022-10-17 18:54:41
2165,7362,FG2,bicycle,11622,232,417,2022-10-17 18:54:41
2166,7379,Querschnitt_Straße,person,11757,652,428,2022-10-17 18:54:47
2167,7389,Querschnitt_Straße,person,11788,557,487,2022-10-17 18:54:49
2168,7391,Querschnitt_Straße,person,11770,607,458,2022-10-17 18:54:48
2169,7401,Querschnitt_Straße,person,11748,684,405,2022-10-17 18:54:47
2170,7405,FG1,person,11784,589,233,2022-10-17 18:54:49
2171,7424,FG2,person,12585,356,541,2022-10-17 18:55:29
2172,7434,Haltelinie,car,12037,332,274,2022-10-17 18:55:01
2173,7434,Querschnitt_Straße,car,12068,684,410,2022-10-17 18:55:03
2174,7445,Haltelinie,bus,12112,308,279,2022-10-17 18:55:05
2175,7449,Haltelinie,car,12107,382,249,2022-10-17 18:55:05
2176,7460,Haltelinie,car,12234,411,243,2022-10-17 18:55:11
2177,7460,Querschnitt_Straße,car,12265,757,355,2022-10-17 18:55:13
2178,7461,Haltelinie,car,12205,311,278,2022-10-17 18:55:10
2179,7461,Querschnitt_Straße,car,12225,672,423,2022-10-17 18:55:11
2180,7463,Haltelinie,car,12175,417,242,2022-10-17 18:55:08
2181,7463,Querschnitt_Straße,car,12204,759,354,2022-10-17 18:55:10
2182,7469,Haltelinie,car,12260,327,273,2022-10-17 18:55:13
2183,7469,Querschnitt_Straße,car,12285,679,414,2022-10-17 18:55:14
2184,7471,Haltelinie,car,12293,339,272,2022-10-17 18:55:14
2185,7471,Querschnitt_Straße,car,12321,684,401,2022-10-17 18:55:16
2186,7473,FG1,person,12232,747,300,2022-10-17 18:55:11
2187,7482,Haltelinie,car,12394,431,237,2022-10-17 18:55:19
2188,7482,Querschnitt_Straße,car,12416,786,342,2022-10-17 18:55:20
2189,7483,Haltelinie,car,12335,416,244,2022-10-17 18:55:16
2190,7483,Querschnitt_Straße,car,12363,754,355,2022-10-17 18:55:18
2191,7487,FG1,person,12276,790,311,2022-10-17 18:55:13
2192,7487,Querschnitt_Straße,person,12281,791,334,2022-10-17 18:55:14
2193,7503,FG1,person,12408,778,312,2022-10-17 18:55:20
2194,7506,Querschnitt_Straße,unclear,12458,764,353,2022-10-17 18:55:22
2195,7516,FG2,person,12616,299,479,2022-10-17 18:55:30
2196,7523,Haltelinie,car,12976,419,243,2022-10-17 18:55:48
2197,7523,Querschnitt_Straße,car,13021,753,358,2022-10-17 18:55:51
2198,7532,FG2,unclear,12578,318,503,2022-10-17 18:55:28
2199,7533,Haltelinie,person,12940,153,333,2022-10-17 18:55:47
2200,7533,FG2,person,12914,154,336,2022-10-17 18:55:45
2201,7540,FG1,person,12872,789,317,2022-10-17 18:55:43
2202,7540,Querschnitt_Straße,person,12788,789,332,2022-10-17 18:55:39
2203,7550,Haltelinie,car,13065,418,242,2022-10-17 18:55:53
2204,7550,Querschnitt_Straße,car,13098,767,354,2022-10-17 18:55:54
2205,7567,FG1,person,12871,539,214,2022-10-17 18:55:43
2206,7584,FG2,bicycle,13000,242,426,2022-10-17 18:55:50
2207,7590,FG2,car,13012,274,470,2022-10-17 18:55:50
2208,7590,Querschnitt_Straße,car,13032,483,534,2022-10-17 18:55:51
2209,7604,Haltelinie,person,14082,473,223,2022-10-17 18:56:44
2210,7611,FG1,person,13377,521,206,2022-10-17 18:56:08
2211,7614,FG1,person,13409,547,217,2022-10-17 18:56:10
2212,7617,FG1,person,13794,774,311,2022-10-17 18:56:29
2213,7617,FG2,person,13480,300,478,2022-10-17 18:56:14
2214,7624,FG1,unclear,13593,679,271,2022-10-17 18:56:19
2215,7624,Querschnitt_Straße,unclear,13511,710,388,2022-10-17 18:56:15
2216,7627,FG2,person,13483,247,431,2022-10-17 18:56:14
2217,7632,Haltelinie,car,13781,333,273,2022-10-17 18:56:29
2218,7632,Querschnitt_Straße,car,13820,686,407,2022-10-17 18:56:31
2219,7641,Haltelinie,car,13775,425,242,2022-10-17 18:56:28
2220,7641,Querschnitt_Straße,car,13814,763,354,2022-10-17 18:56:30
2221,7643,Haltelinie,person,13644,515,209,2022-10-17 18:56:22
2222,7643,FG1,person,13601,571,227,2022-10-17 18:56:20
2223,7644,Haltelinie,car,13876,322,274,2022-10-17 18:56:33
2224,7644,Querschnitt_Straße,car,13902,660,416,2022-10-17 18:56:35
2225,7655,Haltelinie,car,13918,318,275,2022-10-17 18:56:35
2226,7655,Querschnitt_Straße,car,13941,679,415,2022-10-17 18:56:37
2227,7656,FG1,person,13764,768,306,2022-10-17 18:56:28
2228,7661,Haltelinie,car,13829,413,242,2022-10-17 18:56:31
2229,7661,Querschnitt_Straße,car,13860,761,356,2022-10-17 18:56:33
2230,7665,FG1,person,13781,793,319,2022-10-17 18:56:29
2231,7669,FG2,person,14937,216,395,2022-10-17 18:57:26
2232,7677,Haltelinie,car,13868,412,245,2022-10-17 18:56:33
2233,7677,Querschnitt_Straße,car,13900,751,355,2022-10-17 18:56:35
2234,7689,Haltelinie,car,13961,325,272,2022-10-17 18:56:38
2235,7689,Querschnitt_Straße,car,13983,669,412,2022-10-17 18:56:39
2236,7698,Haltelinie,person,13907,515,209,2022-10-17 18:56:35
2237,7698,FG1,person,13926,541,213,2022-10-17 18:56:36
2238,7701,Haltelinie,car,13985,325,273,2022-10-17 18:56:39
2239,7701,Querschnitt_Straße,car,14008,675,409,2022-10-17 18:56:40
2240,7708,Haltelinie,car,14022,347,267,2022-10-17 18:56:41
2241,7708,Querschnitt_Straße,car,14045,691,403,2022-10-17 18:56:42
2242,7711,Querschnitt_Straße,car,13949,672,411,2022-10-17 18:56:37
2243,7728,Haltelinie,person,14159,505,212,2022-10-17 18:56:47
2244,7728,FG1,person,14095,582,232,2022-10-17 18:56:44
2245,7729,FG1,person,15003,642,257,2022-10-17 18:57:30
2246,7729,FG2,person,14838,370,565,2022-10-17 18:57:21
2247,7736,Haltelinie,bus,14375,315,279,2022-10-17 18:56:58
2248,7736,Querschnitt_Straße,bus,14410,686,406,2022-10-17 18:57:00
2249,7754,Haltelinie,person,14385,482,220,2022-10-17 18:56:59
2250,7755,FG1,person,14453,561,222,2022-10-17 18:57:02
2251,7759,Haltelinie,bus,14497,318,285,2022-10-17 18:57:04
2252,7759,Querschnitt_Straße,bus,14532,680,417,2022-10-17 18:57:06
2253,7778,FG1,person,14460,642,256,2022-10-17 18:57:03
2254,7790,Querschnitt_Straße,car,14543,747,355,2022-10-17 18:57:07
2255,7792,FG1,person,14531,547,217,2022-10-17 18:57:06
2256,7799,Querschnitt_Straße,person,14609,483,566,2022-10-17 18:57:10
2257,7810,FG2,person,14652,192,376,2022-10-17 18:57:12
2258,7817,Querschnitt_Straße,person,14862,785,336,2022-10-17 18:57:23
2259,7818,FG2,person,15041,209,394,2022-10-17 18:57:32
2260,7823,FG1,person,15086,640,255,2022-10-17 18:57:34
2261,7823,Querschnitt_Straße,person,14937,656,424,2022-10-17 18:57:26
2262,7828,FG1,person,15065,666,266,2022-10-17 18:57:33
2263,7828,Querschnitt_Straße,person,14958,693,397,2022-10-17 18:57:27
2264,7836,Haltelinie,person,14997,515,209,2022-10-17 18:57:29
2265,7836,FG1,person,15020,537,212,2022-10-17 18:57:31
2266,7837,Querschnitt_Straße,person,15018,747,362,2022-10-17 18:57:30
2267,7845,FG1,person,15067,641,258,2022-10-17 18:57:33
2268,7847,Haltelinie,car,15239,331,274,2022-10-17 18:57:41
2269,7847,Querschnitt_Straße,car,15271,666,417,2022-10-17 18:57:43
2270,7854,Haltelinie,car,15239,428,240,2022-10-17 18:57:41
2271,7854,Querschnitt_Straße,car,15292,763,350,2022-10-17 18:57:44
2272,7856,Haltelinie,car,15299,421,242,2022-10-17 18:57:44
2273,7856,Querschnitt_Straße,car,15342,761,352,2022-10-17 18:57:47
2274,7857,Haltelinie,car,15306,315,280,2022-10-17 18:57:45
2275,7857,Querschnitt_Straße,car,15336,650,423,2022-10-17 18:57:46
2276,7866,Haltelinie,person,15240,495,216,2022-10-17 18:57:42
2277,7866,FG1,person,15156,539,214,2022-10-17 18:57:37
2278,7876,FG1,person,15189,530,210,2022-10-17 18:57:39
2279,7878,Haltelinie,car,15347,427,241,2022-10-17 18:57:47
2280,7878,Querschnitt_Straße,car,15389,769,348,2022-10-17 18:57:49
2281,7880,Haltelinie,car,15352,334,274,2022-10-17 18:57:47
2282,7880,Querschnitt_Straße,car,15378,671,405,2022-10-17 18:57:48
2283,7891,Haltelinie,car,15415,322,275,2022-10-17 18:57:50
2284,7891,Querschnitt_Straße,car,15441,665,422,2022-10-17 18:57:52
2285,7894,Haltelinie,car,15391,403,247,2022-10-17 18:57:49
2286,7894,Querschnitt_Straße,car,15420,728,368,2022-10-17 18:57:51
2287,7896,Haltelinie,car,15440,422,241,2022-10-17 18:57:52
2288,7896,Querschnitt_Straße,car,15470,757,349,2022-10-17 18:57:53
2289,7901,FG1,person,15369,523,207,2022-10-17 18:57:48
2290,7912,FG1,person,15924,722,290,2022-10-17 18:58:16
2291,7912,Querschnitt_Straße,person,16184,712,385,2022-10-17 18:58:29
2292,7913,Haltelinie,car,15462,318,280,2022-10-17 18:57:53
2293,7913,Querschnitt_Straße,car,15488,650,420,2022-10-17 18:57:54
2294,7915,Haltelinie,car,15485,428,241,2022-10-17 18:57:54
2295,7915,Querschnitt_Straße,car,15516,763,348,2022-10-17 18:57:55
2296,7923,Haltelinie,car,15516,430,235,2022-10-17 18:57:55
2297,7923,Querschnitt_Straße,car,15546,774,344,2022-10-17 18:57:57
2298,7928,Haltelinie,car,15555,321,275,2022-10-17 18:57:57
2299,7928,Querschnitt_Straße,car,15577,684,409,2022-10-17 18:57:58
2300,7930,Haltelinie,car,15510,324,275,2022-10-17 18:57:55
2301,7930,Querschnitt_Straße,car,15536,684,412,2022-10-17 18:57:56
2302,7938,Haltelinie,car,15564,415,241,2022-10-17 18:57:58
2303,7938,Querschnitt_Straße,car,15598,770,344,2022-10-17 18:57:59
2304,7943,Haltelinie,car,15598,339,271,2022-10-17 18:57:59
2305,7943,Querschnitt_Straße,car,15623,684,402,2022-10-17 18:58:01
2306,7957,Haltelinie,car,15656,300,284,2022-10-17 18:58:02
2307,7957,Querschnitt_Straße,car,15681,634,425,2022-10-17 18:58:04
2308,7964,Querschnitt_Straße,car,15606,731,363,2022-10-17 18:58:00
2309,7972,FG1,person,16390,760,306,2022-10-17 18:58:39
2310,7972,FG2,person,16136,311,492,2022-10-17 18:58:26
2311,7984,Querschnitt_Straße,car,15685,653,433,2022-10-17 18:58:04
2312,8001,FG2,person,16121,375,558,2022-10-17 18:58:26
2313,8001,Querschnitt_Straße,person,16130,456,566,2022-10-17 18:58:26
2314,8008,FG1,person,15995,793,318,2022-10-17 18:58:19
2315,8008,Querschnitt_Straße,person,16011,792,332,2022-10-17 18:58:20
2316,8016,FG1,person,16414,575,228,2022-10-17 18:58:40
2317,8016,FG2,person,16128,166,348,2022-10-17 18:58:26
2318,8019,FG1,person,16173,748,301,2022-10-17 18:58:28
2319,8023,FG2,person,16124,318,502,2022-10-17 18:58:26
2320,8028,FG2,person,16150,246,430,2022-10-17 18:58:27
2321,8036,FG2,person,16139,217,400,2022-10-17 18:58:26
2322,8037,FG2,person,16145,284,470,2022-10-17 18:58:27
2323,8059,FG1,person,16384,786,316,2022-10-17 18:58:39
2324,8059,Querschnitt_Straße,person,16344,777,342,2022-10-17 18:58:37
2325,8068,FG1,person,16294,562,226,2022-10-17 18:58:34
2326,8071,FG1,person,16363,605,241,2022-10-17 18:58:38
2327,8077,Haltelinie,car,16586,339,269,2022-10-17 18:58:49
2328,8080,FG1,person,16388,724,290,2022-10-17 18:58:39
2329,8098,Querschnitt_Straße,car,16617,705,392,2022-10-17 18:58:50
2330,8103,FG2,person,16860,247,424,2022-10-17 18:59:03
2331,8106,FG2,person,16859,214,396,2022-10-17 18:59:02
2332,8109,FG1,person,16839,522,206,2022-10-17 18:59:01
2333,8109,Querschnitt_Straße,person,17063,627,446,2022-10-17 18:59:13
2334,8117,FG1,person,16970,725,292,2022-10-17 18:59:08
2335,8119,Haltelinie,car,17298,441,234,2022-10-17 18:59:24
2336,8119,FG1,car,17331,799,299,2022-10-17 18:59:26
2337,8119,Querschnitt_Straße,car,17330,783,342,2022-10-17 18:59:26
2338,8120,Haltelinie,car,17321,342,268,2022-10-17 18:59:26
2339,8120,Querschnitt_Straße,car,17347,696,397,2022-10-17 18:59:27
2340,8130,FG1,person,17023,644,257,2022-10-17 18:59:11
2341,8137,FG1,person,17039,791,318,2022-10-17 18:59:11
2342,8139,Haltelinie,car,17366,337,270,2022-10-17 18:59:28
2343,8139,Querschnitt_Straße,car,17388,690,392,2022-10-17 18:59:29
2344,8140,FG2,person,17220,276,458,2022-10-17 18:59:21
2345,8141,Haltelinie,car,17342,430,239,2022-10-17 18:59:27
2346,8141,Querschnitt_Straße,car,17369,773,347,2022-10-17 18:59:28
2347,8148,FG1,person,17157,777,312,2022-10-17 18:59:17
2348,8152,Haltelinie,car,17396,422,241,2022-10-17 18:59:29
2349,8152,Querschnitt_Straße,car,17427,771,350,2022-10-17 18:59:31
2350,8154,FG1,person,17166,791,318,2022-10-17 18:59:18
2351,8157,FG1,person,17178,782,315,2022-10-17 18:59:18
2352,8185,Haltelinie,bus,17459,289,286,2022-10-17 18:59:32
2353,8185,Querschnitt_Straße,bus,17511,665,421,2022-10-17 18:59:35
2354,8200,Querschnitt_Straße,car,17386,691,393,2022-10-17 18:59:29
2355,8203,Haltelinie,person,17399,185,323,2022-10-17 18:59:29
2356,8203,FG2,person,17408,169,354,2022-10-17 18:59:30
2357,8206,Haltelinie,motorcycle,17448,403,247,2022-10-17 18:59:32
2358,8208,FG2,person,17404,186,370,2022-10-17 18:59:30
2359,8215,Querschnitt_Straße,motorcycle,17429,743,368,2022-10-17 18:59:31
2360,8216,FG1,person,17482,600,240,2022-10-17 18:59:34
2361,8219,Haltelinie,car,17592,311,278,2022-10-17 18:59:39
2362,8219,Querschnitt_Straße,car,17612,653,429,2022-10-17 18:59:40
2363,8220,Haltelinie,car,17521,321,272,2022-10-17 18:59:36
2364,8220,Querschnitt_Straße,car,17541,674,412,2022-10-17 18:59:37
2365,8221,Haltelinie,car,17530,423,241,2022-10-17 18:59:36
2366,8221,Querschnitt_Straße,car,17554,769,342,2022-10-17 18:59:37
2367,8222,Haltelinie,car,17574,434,237,2022-10-17 18:59:38
2368,8222,Querschnitt_Straße,car,17598,770,343,2022-10-17 18:59:39
2369,8228,Haltelinie,car,17637,416,244,2022-10-17 18:59:41
2370,8228,Querschnitt_Straße,car,17664,752,353,2022-10-17 18:59:43
2371,8252,Haltelinie,car,17687,333,275,2022-10-17 18:59:44
2372,8252,Querschnitt_Straße,car,17707,680,405,2022-10-17 18:59:45
2373,8258,Haltelinie,person,17661,488,216,2022-10-17 18:59:43
2374,8259,Haltelinie,person,17626,490,217,2022-10-17 18:59:41
2375,8259,FG1,person,17691,567,224,2022-10-17 18:59:44
2376,8263,Haltelinie,car,17790,417,240,2022-10-17 18:59:49
2377,8263,Querschnitt_Straße,car,17804,766,343,2022-10-17 18:59:50
2378,8264,Haltelinie,person,17677,506,215,2022-10-17 18:59:43
2379,8264,FG1,person,17709,561,222,2022-10-17 18:59:45
2380,8272,FG1,person,17690,578,230,2022-10-17 18:59:44
2381,8283,FG1,person,17729,586,233,2022-10-17 18:59:46
2382,8296,Haltelinie,person,17863,487,218,2022-10-17 18:59:53
2383,8298,Haltelinie,person,17860,494,216,2022-10-17 18:59:53
2384,8298,FG1,person,17960,592,235,2022-10-17 18:59:58
2385,8301,Haltelinie,person,17834,487,218,2022-10-17 18:59:51
2386,8302,FG2,person,17908,281,466,2022-10-17 18:59:55
2387,8310,FG1,person,17905,552,219,2022-10-17 18:59:55
2388,8316,FG1,person,17930,601,239,2022-10-17 18:59:56
2389,8326,Querschnitt_Straße,person,18007,631,438,2022-10-17 19:00:00
2390,8331,FG2,person,17974,198,378,2022-10-17 18:59:58
2391,8340,Haltelinie,unclear,18001,299,284,2022-10-17 19:00:00
