,Class,Crossed_Section,Movement,Appearance
8344,person,,,2022-09-20 08:15:00
8345,bicycle,"['Nord', 'Sued']",,2022-09-20 08:15:01
8346,person,['Nord'],,2022-09-20 08:15:01
8347,bicycle,,,2022-09-20 08:15:01
8348,unclear,,,2022-09-20 08:15:01
8352,unclear,,,2022-09-20 08:15:02
8358,person,['Sued'],,2022-09-20 08:15:06
8359,car,,,2022-09-20 08:15:07
8360,bicycle,,,2022-09-20 08:15:08
8361,unclear,,,2022-09-20 08:15:10
8362,person,,,2022-09-20 08:15:10
8363,person,,,2022-09-20 08:15:12
8364,car,,,2022-09-20 08:15:12
8365,bicycle,['Nord'],,2022-09-20 08:15:13
8366,person,"['Nord', 'Sued']",,2022-09-20 08:15:14
8367,bicycle,,,2022-09-20 08:15:15
8369,person,,,2022-09-20 08:15:16
8370,car,,,2022-09-20 08:15:17
8371,person,,,2022-09-20 08:15:17
8374,person,,,2022-09-20 08:15:18
8375,person,,,2022-09-20 08:15:18
8377,person,,,2022-09-20 08:15:18
8378,person,,,2022-09-20 08:15:19
8379,bicycle,,,2022-09-20 08:15:19
8381,bicycle,,,2022-09-20 08:15:20
8382,bicycle,['Nord'],,2022-09-20 08:15:20
8383,bicycle,,,2022-09-20 08:15:20
8384,person,,,2022-09-20 08:15:20
8388,unclear,,,2022-09-20 08:15:21
8389,person,,,2022-09-20 08:15:21
8392,person,,,2022-09-20 08:15:22
8393,person,,,2022-09-20 08:15:22
8394,person,,,2022-09-20 08:15:22
8397,person,,,2022-09-20 08:15:22
8398,person,,,2022-09-20 08:15:22
8399,car,,,2022-09-20 08:15:23
8400,person,,,2022-09-20 08:15:23
8401,unclear,['Nord'],,2022-09-20 08:15:23
8405,unclear,,,2022-09-20 08:15:24
8406,unclear,,,2022-09-20 08:15:24
8407,unclear,,,2022-09-20 08:15:25
8412,unclear,,,2022-09-20 08:15:26
8414,unclear,,,2022-09-20 08:15:27
8415,unclear,,,2022-09-20 08:15:27
8417,unclear,,,2022-09-20 08:15:27
8418,unclear,,,2022-09-20 08:15:28
8419,unclear,,,2022-09-20 08:15:28
8422,bicycle,,,2022-09-20 08:15:34
8423,bicycle,['Sued'],,2022-09-20 08:15:35
8424,unclear,,,2022-09-20 08:15:35
8425,car,,,2022-09-20 08:15:37
8426,bicycle,,,2022-09-20 08:15:38
8428,person,,,2022-09-20 08:15:42
8429,unclear,,,2022-09-20 08:15:43
8430,person,,,2022-09-20 08:15:44
8431,unclear,,,2022-09-20 08:15:45
8434,unclear,,,2022-09-20 08:15:47
8436,unclear,,,2022-09-20 08:15:49
8437,person,,,2022-09-20 08:15:51
8438,unclear,,,2022-09-20 08:15:52
8439,car,,,2022-09-20 08:15:52
8440,bicycle,"['Nord', 'Sued']",,2022-09-20 08:15:53
8441,person,['Nord'],,2022-09-20 08:15:53
8446,unclear,,,2022-09-20 08:15:54
8448,unclear,,,2022-09-20 08:15:54
8450,unclear,,,2022-09-20 08:15:54
8451,bicycle,"['Nord', 'Sued']",,2022-09-20 08:15:54
8454,person,"['Nord', 'Sued']",,2022-09-20 08:15:54
8455,person,,,2022-09-20 08:15:55
8457,bicycle,['Sued'],,2022-09-20 08:15:57
8458,person,['Nord'],,2022-09-20 08:15:57
8459,bicycle,,,2022-09-20 08:15:57
8463,person,,,2022-09-20 08:15:58
8464,bicycle,,,2022-09-20 08:15:59
8465,person,,,2022-09-20 08:15:59
8466,person,,,2022-09-20 08:16:00
8467,bicycle,,,2022-09-20 08:16:00
8469,bicycle,,,2022-09-20 08:16:01
8470,person,,,2022-09-20 08:16:01
8471,car,,,2022-09-20 08:16:09
8472,unclear,,,2022-09-20 08:16:12
8473,car,,,2022-09-20 08:16:18
8474,person,"['Nord', 'Sued']",,2022-09-20 08:16:25
8475,person,['Nord'],,2022-09-20 08:16:25
8476,bicycle,,,2022-09-20 08:16:30
8478,bicycle,"['Nord', 'Sued']",,2022-09-20 08:16:31
8479,truck,,,2022-09-20 08:16:31
8480,person,,,2022-09-20 08:16:31
8481,truck,,,2022-09-20 08:16:32
8483,unclear,,,2022-09-20 08:16:32
8484,car,,,2022-09-20 08:16:32
8487,car,,,2022-09-20 08:16:32
8489,bicycle,,,2022-09-20 08:16:32
8492,person,['Nord'],,2022-09-20 08:16:33
8493,bus,,,2022-09-20 08:16:33
8495,bicycle,['Sued'],,2022-09-20 08:16:34
8496,person,['Sued'],,2022-09-20 08:16:34
8497,bus,,,2022-09-20 08:16:34
8498,person,,,2022-09-20 08:16:34
8499,bicycle,,,2022-09-20 08:16:35
8500,bicycle,['Nord'],,2022-09-20 08:16:35
8501,bus,,,2022-09-20 08:16:35
8502,bicycle,['Nord'],,2022-09-20 08:16:35
8503,person,"['Nord', 'Sued']",,2022-09-20 08:16:35
8505,person,,,2022-09-20 08:16:35
8506,bicycle,,,2022-09-20 08:16:35
8509,bicycle,,,2022-09-20 08:16:36
8510,person,,,2022-09-20 08:16:36
8512,person,,,2022-09-20 08:16:36
8513,unclear,,,2022-09-20 08:16:36
8515,bicycle,,,2022-09-20 08:16:36
8519,unclear,,,2022-09-20 08:16:37
8520,person,['Nord'],,2022-09-20 08:16:37
8521,car,,,2022-09-20 08:16:37
8523,bicycle,,,2022-09-20 08:16:37
8524,person,['Sued'],,2022-09-20 08:16:38
8525,bicycle,,,2022-09-20 08:16:38
8527,person,,,2022-09-20 08:16:39
8529,bicycle,,,2022-09-20 08:16:39
8532,person,,,2022-09-20 08:16:40
8533,person,"['Nord', 'Sued']",,2022-09-20 08:16:40
8534,person,,,2022-09-20 08:16:40
8535,person,,,2022-09-20 08:16:40
8536,bicycle,['Nord'],,2022-09-20 08:16:40
8537,bicycle,,,2022-09-20 08:16:41
8540,unclear,['Nord'],,2022-09-20 08:16:42
8541,person,,,2022-09-20 08:16:42
8543,bus,,,2022-09-20 08:16:42
8544,person,,,2022-09-20 08:16:43
8545,person,,,2022-09-20 08:16:43
8546,bicycle,,,2022-09-20 08:16:44
8547,person,,,2022-09-20 08:16:45
8548,car,,,2022-09-20 08:16:48
8549,person,,,2022-09-20 08:16:49
8551,person,,,2022-09-20 08:16:52
8552,car,,,2022-09-20 08:16:53
8553,person,,,2022-09-20 08:16:55
8554,person,"['Nord', 'Sued']",,2022-09-20 08:16:56
8555,person,,,2022-09-20 08:16:57
8556,unclear,,,2022-09-20 08:16:57
8557,bicycle,,,2022-09-20 08:16:57
8558,person,,,2022-09-20 08:16:57
8560,person,,,2022-09-20 08:16:58
8563,unclear,,,2022-09-20 08:17:00
8564,unclear,,,2022-09-20 08:17:00
8565,person,,,2022-09-20 08:17:00
8566,unclear,,,2022-09-20 08:17:01
8567,bicycle,,,2022-09-20 08:17:01
8568,car,"['Nord', 'Sued']",,2022-09-20 08:17:01
8569,bus,,,2022-09-20 08:17:01
8570,person,,,2022-09-20 08:17:01
8572,car,,,2022-09-20 08:17:02
8573,car,,,2022-09-20 08:17:03
8574,bicycle,,,2022-09-20 08:17:04
8575,bus,,,2022-09-20 08:17:05
8576,bicycle,,,2022-09-20 08:17:05
8577,person,,,2022-09-20 08:17:06
8580,person,,,2022-09-20 08:17:07
8581,car,,,2022-09-20 08:17:09
8582,car,,,2022-09-20 08:17:14
8584,unclear,,,2022-09-20 08:17:21
8585,person,,,2022-09-20 08:17:35
8586,car,,,2022-09-20 08:17:36
8587,unclear,,,2022-09-20 08:17:36
8588,person,,,2022-09-20 08:17:36
8589,unclear,,,2022-09-20 08:17:36
8590,bicycle,,,2022-09-20 08:17:36
8591,bicycle,,,2022-09-20 08:17:37
8592,bicycle,"['Nord', 'Sued']",,2022-09-20 08:17:37
8594,person,"['Nord', 'Sued']",,2022-09-20 08:17:40
8597,car,,,2022-09-20 08:17:43
8598,unclear,,,2022-09-20 08:17:44
8601,person,,,2022-09-20 08:17:45
8603,car,,,2022-09-20 08:17:49
8604,unclear,,,2022-09-20 08:17:50
8605,person,['Nord'],,2022-09-20 08:17:50
8606,car,,,2022-09-20 08:17:51
8607,unclear,,,2022-09-20 08:17:51
8608,car,,,2022-09-20 08:17:52
8610,bicycle,,,2022-09-20 08:17:52
8611,person,,,2022-09-20 08:17:53
8612,person,,,2022-09-20 08:17:53
8613,person,,,2022-09-20 08:17:53
8614,bicycle,,,2022-09-20 08:17:56
8615,bicycle,,,2022-09-20 08:17:57
8616,person,,,2022-09-20 08:17:57
8617,person,,,2022-09-20 08:17:58
8618,bicycle,,,2022-09-20 08:17:58
8621,car,,,2022-09-20 08:17:59
8622,car,,,2022-09-20 08:18:01
8624,person,,,2022-09-20 08:18:04
8626,person,,,2022-09-20 08:18:04
8628,person,,,2022-09-20 08:18:05
8631,person,,,2022-09-20 08:18:06
8632,person,,,2022-09-20 08:18:06
8633,person,,,2022-09-20 08:18:06
8635,person,,,2022-09-20 08:18:07
8636,person,,,2022-09-20 08:18:07
8638,person,,,2022-09-20 08:18:07
8645,person,,,2022-09-20 08:18:08
8647,person,,,2022-09-20 08:18:08
8648,bus,,,2022-09-20 08:18:08
8650,bus,,,2022-09-20 08:18:08
8651,car,,,2022-09-20 08:18:09
8652,unclear,,,2022-09-20 08:18:10
8657,unclear,,,2022-09-20 08:18:12
8660,car,,,2022-09-20 08:18:27
8661,bicycle,['Sued'],,2022-09-20 08:18:29
8662,person,,,2022-09-20 08:18:29
8663,person,['Nord'],,2022-09-20 08:18:29
8664,person,,,2022-09-20 08:18:30
8665,unclear,,,2022-09-20 08:18:37
8668,bicycle,['Sued'],,2022-09-20 08:18:39
8670,person,"['Nord', 'Sued']",,2022-09-20 08:18:39
8676,unclear,,,2022-09-20 08:18:40
8678,unclear,,,2022-09-20 08:18:40
8679,bicycle,['Nord'],,2022-09-20 08:18:40
8680,unclear,,,2022-09-20 08:18:40
8682,unclear,,,2022-09-20 08:18:42
8683,bicycle,"['Nord', 'Sued']",,2022-09-20 08:18:42
8684,person,"['Nord', 'Sued']",,2022-09-20 08:18:42
8686,bicycle,['Nord'],,2022-09-20 08:18:42
8691,car,,,2022-09-20 08:18:46
8692,person,,,2022-09-20 08:18:46
8693,person,,,2022-09-20 08:18:47
8695,bicycle,,,2022-09-20 08:18:49
8696,person,,,2022-09-20 08:18:49
8697,bicycle,,,2022-09-20 08:18:50
8698,bicycle,,,2022-09-20 08:18:50
8699,person,,,2022-09-20 08:18:51
8700,bicycle,,,2022-09-20 08:18:52
8701,person,,,2022-09-20 08:18:52
8703,unclear,,,2022-09-20 08:19:00
8704,car,,,2022-09-20 08:19:00
8705,person,"['Nord', 'Sued']",,2022-09-20 08:19:03
8706,bicycle,['Nord'],,2022-09-20 08:19:04
8707,person,"['Nord', 'Sued']",,2022-09-20 08:19:05
8708,motorcycle,,,2022-09-20 08:19:05
8712,person,,,2022-09-20 08:19:05
8713,bicycle,,,2022-09-20 08:19:06
8714,unclear,,,2022-09-20 08:19:07
8716,bicycle,,,2022-09-20 08:19:08
8718,bicycle,,,2022-09-20 08:19:09
8719,unclear,,,2022-09-20 08:19:09
8722,person,,,2022-09-20 08:19:10
8724,bicycle,,,2022-09-20 08:19:10
8725,bicycle,,,2022-09-20 08:19:11
8726,bicycle,['Sued'],,2022-09-20 08:19:13
8727,bicycle,,,2022-09-20 08:19:13
8728,unclear,,,2022-09-20 08:19:14
8729,bicycle,"['Nord', 'Sued']",,2022-09-20 08:19:14
8731,person,"['Nord', 'Sued']",,2022-09-20 08:19:15
8732,person,,,2022-09-20 08:19:15
8735,person,,,2022-09-20 08:19:16
8737,bicycle,"['Nord', 'Sued']",,2022-09-20 08:19:17
8738,person,,,2022-09-20 08:19:17
8739,person,['Nord'],,2022-09-20 08:19:17
8740,bicycle,,,2022-09-20 08:19:17
8741,unclear,,,2022-09-20 08:19:18
8742,person,,,2022-09-20 08:19:18
8743,bicycle,,,2022-09-20 08:19:19
8744,person,,,2022-09-20 08:19:20
8745,person,,,2022-09-20 08:19:22
8746,person,,,2022-09-20 08:19:22
8748,person,"['Nord', 'Sued']",,2022-09-20 08:19:24
8749,bicycle,['Nord'],,2022-09-20 08:19:25
8751,person,,,2022-09-20 08:19:26
8752,bicycle,,,2022-09-20 08:19:27
8754,car,,,2022-09-20 08:19:38
8755,unclear,,,2022-09-20 08:19:40
8756,car,,,2022-09-20 08:19:41
8757,person,"['Nord', 'Sued']",,2022-09-20 08:19:41
8758,bicycle,['Nord'],,2022-09-20 08:19:42
8759,bicycle,,,2022-09-20 08:19:42
8760,person,,,2022-09-20 08:19:42
8761,bicycle,,,2022-09-20 08:19:42
8762,unclear,,,2022-09-20 08:19:42
8763,unclear,,,2022-09-20 08:19:42
8765,person,,,2022-09-20 08:19:42
8767,person,"['Nord', 'Sued']",,2022-09-20 08:19:42
8768,unclear,,,2022-09-20 08:19:42
8769,person,,,2022-09-20 08:19:42
8770,person,,,2022-09-20 08:19:43
8771,unclear,,,2022-09-20 08:19:43
8772,unclear,,,2022-09-20 08:19:43
8773,bicycle,,,2022-09-20 08:19:44
8774,person,['Nord'],,2022-09-20 08:19:44
8775,unclear,,,2022-09-20 08:19:44
8777,bicycle,,,2022-09-20 08:19:45
8778,bicycle,,,2022-09-20 08:19:45
8780,person,,,2022-09-20 08:19:46
8781,bicycle,['Nord'],,2022-09-20 08:19:47
8782,person,,,2022-09-20 08:19:48
8783,bicycle,,,2022-09-20 08:19:48
8785,unclear,,,2022-09-20 08:19:49
8786,person,,,2022-09-20 08:19:49
8788,unclear,,,2022-09-20 08:19:49
8789,unclear,,,2022-09-20 08:19:49
8790,unclear,,,2022-09-20 08:19:50
8791,person,"['Nord', 'Sued']",,2022-09-20 08:19:50
8793,unclear,,,2022-09-20 08:19:50
8794,unclear,,,2022-09-20 08:19:50
8796,bicycle,['Nord'],,2022-09-20 08:19:51
8798,bicycle,,,2022-09-20 08:19:52
8801,car,,,2022-09-20 08:19:53
8802,person,,,2022-09-20 08:19:53
8803,bicycle,['Sued'],,2022-09-20 08:19:54
8804,person,,,2022-09-20 08:19:55
8806,bicycle,,,2022-09-20 08:19:55
8807,person,,,2022-09-20 08:19:57
8808,person,,,2022-09-20 08:19:57
8809,bicycle,,,2022-09-20 08:19:58
8810,person,"['Nord', 'Sued']",,2022-09-20 08:19:59
8811,unclear,,,2022-09-20 08:20:03
8812,car,,,2022-09-20 08:20:03
8814,person,,,2022-09-20 08:20:03
8815,car,,,2022-09-20 08:20:04
8816,unclear,,,2022-09-20 08:20:04
8819,person,,,2022-09-20 08:20:06
8821,unclear,,,2022-09-20 08:20:07
8822,bus,,,2022-09-20 08:20:08
8823,person,,,2022-09-20 08:20:11
8825,car,,,2022-09-20 08:20:18
8826,unclear,,,2022-09-20 08:20:19
8828,person,"['Nord', 'Sued']",,2022-09-20 08:20:23
8829,bicycle,"['Nord', 'Sued']",,2022-09-20 08:20:23
8834,bicycle,,,2022-09-20 08:20:24
8835,bicycle,['Nord'],,2022-09-20 08:20:24
8837,car,,,2022-09-20 08:20:25
8838,bicycle,,,2022-09-20 08:20:26
8839,bicycle,,,2022-09-20 08:20:26
8840,person,"['Nord', 'Sued']",,2022-09-20 08:20:26
8841,person,['Nord'],,2022-09-20 08:20:26
8844,unclear,,,2022-09-20 08:20:26
8847,person,,,2022-09-20 08:20:27
8848,bicycle,['Nord'],,2022-09-20 08:20:27
8849,person,"['Nord', 'Sued']",,2022-09-20 08:20:27
8850,bicycle,,,2022-09-20 08:20:27
8852,person,,,2022-09-20 08:20:28
8855,person,,,2022-09-20 08:20:31
8856,person,,,2022-09-20 08:20:32
8857,person,,,2022-09-20 08:20:32
8858,bicycle,['Nord'],,2022-09-20 08:20:32
8859,person,"['Nord', 'Sued']",,2022-09-20 08:20:32
8860,person,,,2022-09-20 08:20:32
8861,unclear,,,2022-09-20 08:20:32
8863,unclear,,,2022-09-20 08:20:33
8866,unclear,,,2022-09-20 08:20:33
8870,bicycle,"['Nord', 'Sued']",,2022-09-20 08:20:36
8871,person,"['Nord', 'Sued']",,2022-09-20 08:20:37
8873,unclear,,,2022-09-20 08:20:37
8875,bicycle,,,2022-09-20 08:20:37
8877,bicycle,,,2022-09-20 08:20:37
8880,unclear,,,2022-09-20 08:20:37
8881,bicycle,,,2022-09-20 08:20:37
8884,bicycle,,,2022-09-20 08:20:37
8885,bicycle,,,2022-09-20 08:20:37
8887,bicycle,"['Nord', 'Sued']",,2022-09-20 08:20:40
8888,person,['Nord'],,2022-09-20 08:20:40
8889,motorcycle,,,2022-09-20 08:20:40
8892,unclear,,,2022-09-20 08:20:40
8893,unclear,,,2022-09-20 08:20:40
8894,unclear,,,2022-09-20 08:20:40
8897,unclear,,,2022-09-20 08:20:41
8900,unclear,,,2022-09-20 08:20:42
8904,bicycle,,,2022-09-20 08:20:43
8906,person,,,2022-09-20 08:20:45
8907,bicycle,"['Nord', 'Sued']",,2022-09-20 08:20:47
8908,person,,,2022-09-20 08:20:47
8909,person,['Nord'],,2022-09-20 08:20:47
8910,person,,,2022-09-20 08:20:47
8911,bicycle,,,2022-09-20 08:20:47
8912,bicycle,,,2022-09-20 08:20:47
8913,person,,,2022-09-20 08:20:47
8915,unclear,,,2022-09-20 08:20:47
8916,person,,,2022-09-20 08:20:47
8920,person,,,2022-09-20 08:20:49
8923,person,,,2022-09-20 08:20:50
8925,person,,,2022-09-20 08:20:50
8927,person,,,2022-09-20 08:20:51
8929,person,,,2022-09-20 08:20:51
8930,person,,,2022-09-20 08:20:51
8931,person,,,2022-09-20 08:20:52
8935,person,,,2022-09-20 08:20:54
8936,bicycle,,,2022-09-20 08:20:54
8937,person,,,2022-09-20 08:20:55
8938,bicycle,,,2022-09-20 08:20:56
8939,person,,,2022-09-20 08:20:56
8940,person,,,2022-09-20 08:20:57
8941,person,,,2022-09-20 08:20:57
8942,person,,,2022-09-20 08:20:57
8943,person,,,2022-09-20 08:20:58
8944,person,,,2022-09-20 08:21:00
8945,person,,,2022-09-20 08:21:00
8946,person,,,2022-09-20 08:21:00
8947,person,"['Nord', 'Sued']",,2022-09-20 08:21:00
8948,person,,,2022-09-20 08:21:01
8949,person,,,2022-09-20 08:21:01
8950,person,,,2022-09-20 08:21:01
8951,bicycle,,,2022-09-20 08:21:01
8952,bicycle,"['Nord', 'Sued']",,2022-09-20 08:21:01
8953,bicycle,,,2022-09-20 08:21:02
8954,person,"['Nord', 'Sued']",,2022-09-20 08:21:02
8955,bicycle,,,2022-09-20 08:21:02
8957,person,,,2022-09-20 08:21:02
8958,car,,,2022-09-20 08:21:02
8959,bicycle,['Nord'],,2022-09-20 08:21:03
8961,unclear,,,2022-09-20 08:21:03
8962,person,,,2022-09-20 08:21:03
8964,bicycle,['Nord'],,2022-09-20 08:21:03
8965,bicycle,,,2022-09-20 08:21:03
8968,person,,,2022-09-20 08:21:04
8969,bicycle,,,2022-09-20 08:21:04
8970,car,,,2022-09-20 08:21:04
8971,person,,,2022-09-20 08:21:05
8973,person,,,2022-09-20 08:21:05
8974,bicycle,,,2022-09-20 08:21:05
8975,person,,,2022-09-20 08:21:05
8976,bicycle,,,2022-09-20 08:21:05
8977,person,['Nord'],,2022-09-20 08:21:05
8978,bicycle,,,2022-09-20 08:21:05
8979,bicycle,,,2022-09-20 08:21:06
8981,person,,,2022-09-20 08:21:06
8982,person,,,2022-09-20 08:21:06
8986,bicycle,,,2022-09-20 08:21:07
8987,person,,,2022-09-20 08:21:08
8988,person,,,2022-09-20 08:21:08
8989,bicycle,,,2022-09-20 08:21:10
8991,motorcycle,['Nord'],,2022-09-20 08:21:11
8992,bicycle,['Sued'],,2022-09-20 08:21:12
8994,person,['Sued'],,2022-09-20 08:21:12
8995,motorcycle,['Nord'],,2022-09-20 08:21:12
8997,bus,,,2022-09-20 08:21:13
8998,person,,,2022-09-20 08:21:13
8999,person,,,2022-09-20 08:21:15
9003,person,,,2022-09-20 08:21:16
9004,person,,,2022-09-20 08:21:17
9007,person,,,2022-09-20 08:21:28
9009,bicycle,"['Nord', 'Sued']",,2022-09-20 08:21:29
9010,person,['Nord'],,2022-09-20 08:21:29
9011,bicycle,,,2022-09-20 08:21:30
9012,person,,,2022-09-20 08:21:30
9013,person,,,2022-09-20 08:21:30
9014,car,,,2022-09-20 08:21:31
9015,motorcycle,,,2022-09-20 08:21:31
9016,unclear,,,2022-09-20 08:21:31
9017,car,,,2022-09-20 08:21:32
9018,truck,,,2022-09-20 08:21:32
9021,person,,,2022-09-20 08:21:32
9022,person,['Sued'],,2022-09-20 08:21:32
9023,bus,,,2022-09-20 08:21:33
9025,bicycle,,,2022-09-20 08:21:33
9027,person,,,2022-09-20 08:21:37
9028,person,,,2022-09-20 08:21:38
9029,bicycle,['Nord'],,2022-09-20 08:21:38
9030,person,"['Nord', 'Sued']",,2022-09-20 08:21:38
9031,motorcycle,,,2022-09-20 08:21:38
9032,motorcycle,,,2022-09-20 08:21:38
9035,motorcycle,['Nord'],,2022-09-20 08:21:40
9036,bicycle,,,2022-09-20 08:21:40
9037,person,,,2022-09-20 08:21:40
9038,person,,,2022-09-20 08:21:41
9039,person,,,2022-09-20 08:21:42
9040,person,,,2022-09-20 08:21:42
9041,person,,,2022-09-20 08:21:43
9042,person,,,2022-09-20 08:21:47
9043,car,,,2022-09-20 08:21:54
9044,unclear,,,2022-09-20 08:21:56
9046,bicycle,"['Nord', 'Sued']",,2022-09-20 08:22:00
9047,person,['Nord'],,2022-09-20 08:22:00
9050,car,,,2022-09-20 08:22:02
9052,person,,,2022-09-20 08:22:03
9053,bicycle,"['Nord', 'Sued']",,2022-09-20 08:22:03
9054,person,"['Nord', 'Sued']",,2022-09-20 08:22:03
9055,bicycle,,,2022-09-20 08:22:03
9056,bicycle,"['Nord', 'Sued']",,2022-09-20 08:22:03
9057,bicycle,,,2022-09-20 08:22:04
9058,bicycle,,,2022-09-20 08:22:04
9060,bicycle,,,2022-09-20 08:22:05
9061,bicycle,,,2022-09-20 08:22:05
9062,person,"['Nord', 'Sued']",,2022-09-20 08:22:05
9063,car,,,2022-09-20 08:22:06
9064,unclear,,,2022-09-20 08:22:06
9066,motorcycle,,,2022-09-20 08:22:07
9067,person,,,2022-09-20 08:22:07
9068,person,,,2022-09-20 08:22:08
9069,person,,,2022-09-20 08:22:08
9070,person,"['Nord', 'Sued']",,2022-09-20 08:22:08
9071,bicycle,,,2022-09-20 08:22:08
9073,bicycle,['Nord'],,2022-09-20 08:22:09
9074,person,"['Nord', 'Sued']",,2022-09-20 08:22:09
9075,bicycle,,,2022-09-20 08:22:09
9077,person,['Nord'],,2022-09-20 08:22:09
9078,bicycle,,,2022-09-20 08:22:09
9080,bicycle,['Nord'],,2022-09-20 08:22:09
9083,person,,,2022-09-20 08:22:10
9086,bicycle,,,2022-09-20 08:22:11
9087,person,,,2022-09-20 08:22:11
9088,car,,,2022-09-20 08:22:12
9089,person,,,2022-09-20 08:22:12
9090,bicycle,,,2022-09-20 08:22:12
9094,bicycle,,,2022-09-20 08:22:13
9095,person,,,2022-09-20 08:22:13
9096,bicycle,,,2022-09-20 08:22:13
9097,person,,,2022-09-20 08:22:13
9098,motorcycle,,,2022-09-20 08:22:14
9099,person,,,2022-09-20 08:22:14
9100,person,,,2022-09-20 08:22:14
9101,unclear,,,2022-09-20 08:22:14
9104,unclear,,,2022-09-20 08:22:14
9105,person,,,2022-09-20 08:22:14
9108,bicycle,,,2022-09-20 08:22:14
9109,unclear,['Nord'],,2022-09-20 08:22:14
9110,bicycle,,,2022-09-20 08:22:14
9112,unclear,,,2022-09-20 08:22:14
9113,person,,,2022-09-20 08:22:15
9114,person,,,2022-09-20 08:22:15
9117,bicycle,,,2022-09-20 08:22:15
9118,person,"['Nord', 'Sued']",,2022-09-20 08:22:15
9119,bicycle,['Sued'],,2022-09-20 08:22:15
9121,bicycle,,,2022-09-20 08:22:16
9122,person,,,2022-09-20 08:22:16
9123,bicycle,,,2022-09-20 08:22:16
9125,person,,,2022-09-20 08:22:16
9126,person,,,2022-09-20 08:22:16
9127,bicycle,"['Nord', 'Sued']",,2022-09-20 08:22:16
9128,bicycle,,,2022-09-20 08:22:17
9129,bicycle,,,2022-09-20 08:22:17
9130,person,,,2022-09-20 08:22:17
9131,person,,,2022-09-20 08:22:18
9132,person,,,2022-09-20 08:22:18
9133,person,,,2022-09-20 08:22:18
9135,bicycle,"['Nord', 'Sued']",,2022-09-20 08:22:18
9137,person,['Nord'],,2022-09-20 08:22:18
9146,bicycle,,,2022-09-20 08:22:19
9147,bicycle,,,2022-09-20 08:22:19
9149,bicycle,,,2022-09-20 08:22:20
9150,person,['Sued'],,2022-09-20 08:22:21
9151,person,,,2022-09-20 08:22:21
9152,bicycle,,,2022-09-20 08:22:21
9153,person,,,2022-09-20 08:22:22
9155,person,,,2022-09-20 08:22:23
9157,person,,,2022-09-20 08:22:25
9158,bicycle,['Nord'],,2022-09-20 08:22:25
9159,person,"['Nord', 'Sued']",,2022-09-20 08:22:25
9162,person,,,2022-09-20 08:22:26
9163,unclear,,,2022-09-20 08:22:26
9164,person,,,2022-09-20 08:22:27
9165,car,,,2022-09-20 08:22:27
9166,person,,,2022-09-20 08:22:27
9167,person,,,2022-09-20 08:22:28
9169,bicycle,['Sued'],,2022-09-20 08:22:30
9170,unclear,,,2022-09-20 08:22:31
9171,bicycle,,,2022-09-20 08:22:31
9173,person,['Nord'],,2022-09-20 08:22:32
9174,person,,,2022-09-20 08:22:32
9175,bicycle,,,2022-09-20 08:22:33
9176,bicycle,['Nord'],,2022-09-20 08:22:34
9177,bicycle,,,2022-09-20 08:22:35
9178,bicycle,,,2022-09-20 08:22:36
9180,bicycle,,,2022-09-20 08:22:38
9181,bicycle,,,2022-09-20 08:22:38
9183,bicycle,,,2022-09-20 08:22:39
9185,unclear,,,2022-09-20 08:22:39
9187,unclear,,,2022-09-20 08:22:39
9188,bicycle,,,2022-09-20 08:22:40
9191,person,,,2022-09-20 08:22:41
9192,unclear,,,2022-09-20 08:22:42
9193,motorcycle,,,2022-09-20 08:22:43
9194,person,,,2022-09-20 08:22:43
9196,bicycle,,,2022-09-20 08:22:44
9197,person,['Sued'],,2022-09-20 08:22:44
9198,unclear,,,2022-09-20 08:22:45
9199,bicycle,,,2022-09-20 08:22:45
9201,person,,,2022-09-20 08:22:54
9202,bicycle,['Sued'],,2022-09-20 08:22:55
9203,person,['Nord'],,2022-09-20 08:22:55
9204,bicycle,,,2022-09-20 08:22:57
9205,bicycle,,,2022-09-20 08:22:57
9206,unclear,,,2022-09-20 08:22:59
9207,person,,,2022-09-20 08:23:00
9208,car,,,2022-09-20 08:23:02
9210,person,,,2022-09-20 08:23:03
9211,person,,,2022-09-20 08:23:04
9212,person,,,2022-09-20 08:23:05
9213,person,['Nord'],,2022-09-20 08:23:05
9214,bicycle,,,2022-09-20 08:23:06
9215,bicycle,,,2022-09-20 08:23:11
9218,bicycle,"['Nord', 'Sued']",,2022-09-20 08:23:19
9219,person,,,2022-09-20 08:23:19
9220,person,['Nord'],,2022-09-20 08:23:20
9226,unclear,,,2022-09-20 08:23:20
9234,person,,,2022-09-20 08:23:23
9236,person,"['Nord', 'Sued']",,2022-09-20 08:23:26
9237,bicycle,"['Nord', 'Sued']",,2022-09-20 08:23:26
9240,bicycle,,,2022-09-20 08:23:29
9244,bicycle,,,2022-09-20 08:23:31
9245,bicycle,,,2022-09-20 08:23:31
9246,person,,,2022-09-20 08:23:31
9252,unclear,,,2022-09-20 08:23:32
9255,unclear,,,2022-09-20 08:23:32
9256,unclear,,,2022-09-20 08:23:32
9257,person,,,2022-09-20 08:23:32
9258,unclear,,,2022-09-20 08:23:32
9259,unclear,,,2022-09-20 08:23:33
9260,unclear,,,2022-09-20 08:23:33
9261,person,"['Nord', 'Sued']",,2022-09-20 08:23:33
9263,bicycle,['Sued'],,2022-09-20 08:23:33
9266,bicycle,,,2022-09-20 08:23:34
9267,person,,,2022-09-20 08:23:34
9268,bicycle,,,2022-09-20 08:23:36
9269,bicycle,,,2022-09-20 08:23:36
9271,person,,,2022-09-20 08:23:37
9272,person,,,2022-09-20 08:23:37
9273,unclear,,,2022-09-20 08:23:37
9274,unclear,,,2022-09-20 08:23:39
9275,bicycle,,,2022-09-20 08:23:40
9276,person,,,2022-09-20 08:23:40
9277,bicycle,['Nord'],,2022-09-20 08:23:40
9278,person,"['Nord', 'Sued']",,2022-09-20 08:23:41
9282,bicycle,,,2022-09-20 08:23:45
9283,bicycle,,,2022-09-20 08:23:46
9284,truck,,,2022-09-20 08:23:46
9285,person,,,2022-09-20 08:23:48
9287,bicycle,['Nord'],,2022-09-20 08:23:54
9288,person,"['Nord', 'Sued']",,2022-09-20 08:23:54
9291,bicycle,,,2022-09-20 08:23:54
9292,person,,,2022-09-20 08:23:54
9293,bicycle,,,2022-09-20 08:23:54
9296,bicycle,,,2022-09-20 08:23:55
9299,person,['Sued'],,2022-09-20 08:23:55
9300,person,,,2022-09-20 08:23:56
9301,bicycle,,,2022-09-20 08:23:56
9303,bicycle,"['Nord', 'Sued']",,2022-09-20 08:23:56
9304,bicycle,['Sued'],,2022-09-20 08:23:56
9306,person,['Nord'],,2022-09-20 08:23:56
9307,bicycle,,,2022-09-20 08:23:56
9311,unclear,,,2022-09-20 08:23:56
9315,unclear,,,2022-09-20 08:23:57
9316,unclear,,,2022-09-20 08:23:57
9317,person,['Sued'],,2022-09-20 08:23:57
9319,bicycle,,,2022-09-20 08:23:57
9321,bicycle,['Nord'],,2022-09-20 08:23:58
9324,person,"['Nord', 'Sued']",,2022-09-20 08:23:58
9326,unclear,,,2022-09-20 08:23:58
9329,person,,,2022-09-20 08:23:58
9331,unclear,,,2022-09-20 08:23:58
9335,unclear,,,2022-09-20 08:23:58
9336,unclear,,,2022-09-20 08:23:58
9337,person,,,2022-09-20 08:23:58
9338,person,,,2022-09-20 08:23:59
9339,unclear,,,2022-09-20 08:23:59
9341,person,,,2022-09-20 08:23:59
9344,person,,,2022-09-20 08:24:00
9346,person,,,2022-09-20 08:24:00
9347,person,,,2022-09-20 08:24:03
9348,person,,,2022-09-20 08:24:03
9350,bicycle,"['Nord', 'Sued']",,2022-09-20 08:24:05
9351,person,['Nord'],,2022-09-20 08:24:06
9352,bicycle,,,2022-09-20 08:24:06
9357,person,,,2022-09-20 08:24:10
9358,bicycle,,,2022-09-20 08:24:11
9360,bicycle,,,2022-09-20 08:24:12
9362,person,,,2022-09-20 08:24:18
9363,car,,,2022-09-20 08:24:21
9364,bicycle,['Sued'],,2022-09-20 08:24:25
9365,person,,,2022-09-20 08:24:25
9366,person,,,2022-09-20 08:24:25
9370,person,,,2022-09-20 08:24:26
9372,person,,,2022-09-20 08:24:27
9373,bicycle,,,2022-09-20 08:24:29
9374,unclear,,,2022-09-20 08:24:30
9375,unclear,,,2022-09-20 08:24:39
9376,person,,,2022-09-20 08:24:40
9377,unclear,,,2022-09-20 08:24:42
9379,bicycle,['Nord'],,2022-09-20 08:24:45
9380,person,"['Nord', 'Sued']",,2022-09-20 08:24:45
9382,bicycle,,,2022-09-20 08:24:45
9383,unclear,,,2022-09-20 08:24:46
9384,person,,,2022-09-20 08:24:48
9386,person,['Sued'],,2022-09-20 08:24:50
9387,person,['Nord'],,2022-09-20 08:24:57
9388,person,,,2022-09-20 08:24:57
9389,bicycle,,,2022-09-20 08:24:57
9390,car,,,2022-09-20 08:24:57
9392,person,,,2022-09-20 08:24:59
9393,bicycle,,,2022-09-20 08:24:59
9394,unclear,,,2022-09-20 08:24:59
9395,person,,,2022-09-20 08:24:59
9396,bicycle,,,2022-09-20 08:24:59
9397,person,,,2022-09-20 08:25:00
9399,unclear,,,2022-09-20 08:25:00
9402,person,,,2022-09-20 08:25:01
9404,person,,,2022-09-20 08:25:01
9405,bicycle,,,2022-09-20 08:25:01
9406,person,,,2022-09-20 08:25:02
9407,unclear,,,2022-09-20 08:25:02
9408,person,,,2022-09-20 08:25:02
9412,bicycle,,,2022-09-20 08:25:03
9413,person,,,2022-09-20 08:25:03
9414,bicycle,,,2022-09-20 08:25:03
9415,person,,,2022-09-20 08:25:03
9416,person,,,2022-09-20 08:25:03
9418,bicycle,,,2022-09-20 08:25:07
9419,bicycle,['Nord'],,2022-09-20 08:25:08
9420,person,"['Nord', 'Sued']",,2022-09-20 08:25:08
9421,unclear,,,2022-09-20 08:25:08
9422,unclear,,,2022-09-20 08:25:08
9424,unclear,,,2022-09-20 08:25:08
9425,bicycle,,,2022-09-20 08:25:08
9426,unclear,,,2022-09-20 08:25:08
9429,unclear,,,2022-09-20 08:25:10
9431,unclear,,,2022-09-20 08:25:10
9432,bicycle,['Sued'],,2022-09-20 08:25:11
9433,person,,,2022-09-20 08:25:11
9434,person,,,2022-09-20 08:25:11
9436,unclear,,,2022-09-20 08:25:11
9438,unclear,,,2022-09-20 08:25:12
9439,unclear,,,2022-09-20 08:25:12
9440,unclear,,,2022-09-20 08:25:12
9441,person,,,2022-09-20 08:25:12
9442,unclear,,,2022-09-20 08:25:12
9443,unclear,,,2022-09-20 08:25:12
9444,unclear,,,2022-09-20 08:25:12
9446,person,,,2022-09-20 08:25:13
9448,unclear,,,2022-09-20 08:25:13
9449,unclear,['Nord'],,2022-09-20 08:25:13
9451,person,,,2022-09-20 08:25:13
9452,unclear,,,2022-09-20 08:25:13
9456,unclear,,,2022-09-20 08:25:14
9457,person,,,2022-09-20 08:25:14
9458,unclear,,,2022-09-20 08:25:14
9459,truck,,,2022-09-20 08:25:14
9461,bicycle,,,2022-09-20 08:25:14
9462,person,,,2022-09-20 08:25:14
9464,person,,,2022-09-20 08:25:20
9465,bicycle,,,2022-09-20 08:25:20
9466,person,,,2022-09-20 08:25:20
9468,person,,,2022-09-20 08:25:21
9469,bicycle,,,2022-09-20 08:25:22
9470,unclear,,,2022-09-20 08:25:22
9474,person,,,2022-09-20 08:25:23
9476,person,,,2022-09-20 08:25:24
9477,person,,,2022-09-20 08:25:25
9479,person,,,2022-09-20 08:25:26
9480,person,,,2022-09-20 08:25:27
9481,person,,,2022-09-20 08:25:27
9483,person,,,2022-09-20 08:25:28
9484,person,,,2022-09-20 08:25:28
9485,person,,,2022-09-20 08:25:28
9486,person,,,2022-09-20 08:25:28
9487,person,,,2022-09-20 08:25:29
9488,person,,,2022-09-20 08:25:30
9490,person,,,2022-09-20 08:25:31
9493,bicycle,,,2022-09-20 08:25:31
9494,person,,,2022-09-20 08:25:31
9496,person,,,2022-09-20 08:25:32
9497,person,,,2022-09-20 08:25:32
9500,bicycle,,,2022-09-20 08:25:34
9501,person,"['Nord', 'Sued']",,2022-09-20 08:25:34
9503,bicycle,"['Nord', 'Sued']",,2022-09-20 08:25:35
9504,person,,,2022-09-20 08:25:36
9505,bicycle,['Sued'],,2022-09-20 08:25:37
9508,person,,,2022-09-20 08:25:39
9509,car,,,2022-09-20 08:25:41
9511,bus,,,2022-09-20 08:25:43
9512,bicycle,"['Nord', 'Sued']",,2022-09-20 08:25:43
9513,person,['Nord'],,2022-09-20 08:25:43
9519,person,,,2022-09-20 08:25:44
9525,bicycle,"['Nord', 'Sued']",,2022-09-20 08:25:44
9527,person,['Nord'],,2022-09-20 08:25:44
9541,person,,,2022-09-20 08:25:45
9542,person,,,2022-09-20 08:25:45
9545,unclear,,,2022-09-20 08:25:45
9548,unclear,,,2022-09-20 08:25:45
9554,person,,,2022-09-20 08:25:47
9555,bicycle,,,2022-09-20 08:25:47
9556,bicycle,"['Nord', 'Sued']",,2022-09-20 08:25:47
9558,bicycle,"['Nord', 'Sued']",,2022-09-20 08:25:47
9559,person,"['Nord', 'Sued']",,2022-09-20 08:25:48
9560,person,['Nord'],,2022-09-20 08:25:48
9561,person,,,2022-09-20 08:25:48
9562,bicycle,,,2022-09-20 08:25:48
9563,unclear,,,2022-09-20 08:25:48
9564,person,"['Nord', 'Sued']",,2022-09-20 08:25:48
9567,unclear,,,2022-09-20 08:25:48
9568,unclear,,,2022-09-20 08:25:48
9570,unclear,,,2022-09-20 08:25:48
9572,unclear,,,2022-09-20 08:25:48
9573,person,,,2022-09-20 08:25:48
9575,unclear,,,2022-09-20 08:25:48
9576,bicycle,,,2022-09-20 08:25:48
9577,unclear,,,2022-09-20 08:25:48
9578,unclear,,,2022-09-20 08:25:48
9579,unclear,,,2022-09-20 08:25:48
9580,person,,,2022-09-20 08:25:48
9581,unclear,,,2022-09-20 08:25:48
9582,bicycle,,,2022-09-20 08:25:48
9583,bicycle,['Nord'],,2022-09-20 08:25:49
9584,unclear,,,2022-09-20 08:25:49
9586,person,,,2022-09-20 08:25:49
9587,person,,,2022-09-20 08:25:49
9589,person,,,2022-09-20 08:25:49
9590,person,,,2022-09-20 08:25:49
9591,unclear,,,2022-09-20 08:25:49
9593,unclear,,,2022-09-20 08:25:49
9596,bicycle,,,2022-09-20 08:25:50
9597,bicycle,['Nord'],,2022-09-20 08:25:50
9598,person,['Nord'],,2022-09-20 08:25:50
9599,bicycle,,,2022-09-20 08:25:50
9600,person,"['Nord', 'Sued']",,2022-09-20 08:25:50
9603,bicycle,,,2022-09-20 08:25:50
9605,unclear,,,2022-09-20 08:25:50
9609,unclear,,,2022-09-20 08:25:50
9610,bicycle,,,2022-09-20 08:25:51
9613,person,"['Nord', 'Sued']",,2022-09-20 08:25:51
9614,unclear,,,2022-09-20 08:25:51
9615,bicycle,,,2022-09-20 08:25:51
9616,unclear,,,2022-09-20 08:25:51
9620,person,['Sued'],,2022-09-20 08:25:51
9623,bicycle,,,2022-09-20 08:25:51
9627,bicycle,,,2022-09-20 08:25:51
9630,unclear,,,2022-09-20 08:25:52
9632,person,,,2022-09-20 08:25:52
9636,unclear,,,2022-09-20 08:25:52
9637,unclear,,,2022-09-20 08:25:52
9638,bicycle,['Nord'],,2022-09-20 08:25:52
9640,person,,,2022-09-20 08:25:53
9642,person,,,2022-09-20 08:25:54
9645,person,,,2022-09-20 08:25:55
9646,bicycle,,,2022-09-20 08:25:55
9647,person,,,2022-09-20 08:25:55
9648,bicycle,,,2022-09-20 08:25:55
9657,unclear,,,2022-09-20 08:25:56
9660,unclear,,,2022-09-20 08:25:56
9661,unclear,,,2022-09-20 08:25:56
9664,unclear,,,2022-09-20 08:25:56
9665,unclear,,,2022-09-20 08:25:56
9667,unclear,,,2022-09-20 08:25:57
9668,unclear,,,2022-09-20 08:25:57
9670,unclear,,,2022-09-20 08:25:57
9674,bicycle,"['Nord', 'Sued']",,2022-09-20 08:25:58
9676,person,"['Nord', 'Sued']",,2022-09-20 08:25:58
9677,bicycle,,,2022-09-20 08:25:58
9678,unclear,,,2022-09-20 08:25:58
9681,bicycle,,,2022-09-20 08:25:59
9685,unclear,,,2022-09-20 08:25:59
9689,unclear,,,2022-09-20 08:26:00
9690,unclear,,,2022-09-20 08:26:00
9691,bicycle,['Nord'],,2022-09-20 08:26:01
9692,unclear,,,2022-09-20 08:26:01
9693,bicycle,['Nord'],,2022-09-20 08:26:01
9695,unclear,,,2022-09-20 08:26:01
9696,person,"['Nord', 'Sued']",,2022-09-20 08:26:01
9699,bicycle,,,2022-09-20 08:26:02
9700,bicycle,,,2022-09-20 08:26:02
9701,car,,,2022-09-20 08:26:02
9704,person,,,2022-09-20 08:26:03
9705,bicycle,,,2022-09-20 08:26:03
9707,bicycle,,,2022-09-20 08:26:04
9708,bicycle,,,2022-09-20 08:26:05
9709,car,,,2022-09-20 08:26:05
9710,person,,,2022-09-20 08:26:05
9711,unclear,,,2022-09-20 08:26:06
9712,bus,,,2022-09-20 08:26:06
9713,bus,,,2022-09-20 08:26:07
9715,bicycle,"['Nord', 'Sued']",,2022-09-20 08:26:08
9716,person,['Nord'],,2022-09-20 08:26:08
9720,person,,,2022-09-20 08:26:09
9723,unclear,['Nord'],,2022-09-20 08:26:09
9725,person,,,2022-09-20 08:26:09
9726,unclear,,,2022-09-20 08:26:10
9727,person,,,2022-09-20 08:26:10
9728,unclear,,,2022-09-20 08:26:10
9729,bicycle,"['Nord', 'Sued']",,2022-09-20 08:26:10
9730,unclear,,,2022-09-20 08:26:10
9731,bus,,,2022-09-20 08:26:10
9732,person,,,2022-09-20 08:26:10
9733,person,"['Nord', 'Sued']",,2022-09-20 08:26:11
9734,car,,,2022-09-20 08:26:11
9735,person,,,2022-09-20 08:26:11
9736,person,,,2022-09-20 08:26:11
9741,person,,,2022-09-20 08:26:13
9742,bicycle,,,2022-09-20 08:26:14
9743,person,,,2022-09-20 08:26:14
9744,person,,,2022-09-20 08:26:14
9745,person,,,2022-09-20 08:26:15
9747,unclear,,,2022-09-20 08:26:16
9748,bicycle,,,2022-09-20 08:26:16
9751,bicycle,,,2022-09-20 08:26:19
9753,car,,,2022-09-20 08:26:19
9755,person,,,2022-09-20 08:26:20
9756,person,,,2022-09-20 08:26:20
9757,unclear,,,2022-09-20 08:26:20
9759,person,,,2022-09-20 08:26:21
9760,person,,,2022-09-20 08:26:21
9762,person,,,2022-09-20 08:26:21
9763,person,,,2022-09-20 08:26:21
9764,person,['Sued'],,2022-09-20 08:26:21
9765,bicycle,,,2022-09-20 08:26:23
9766,person,,,2022-09-20 08:26:23
9767,bicycle,,,2022-09-20 08:26:24
9768,unclear,,,2022-09-20 08:26:24
9769,person,,,2022-09-20 08:26:26
9770,person,,,2022-09-20 08:26:26
9771,unclear,,,2022-09-20 08:26:32
9772,person,,,2022-09-20 08:26:34
9773,person,,,2022-09-20 08:26:34
9777,person,,,2022-09-20 08:26:35
9778,person,"['Nord', 'Sued']",,2022-09-20 08:26:36
9779,unclear,['Nord'],,2022-09-20 08:26:36
9780,unclear,,,2022-09-20 08:26:36
9782,bicycle,,,2022-09-20 08:26:38
9784,person,,,2022-09-20 08:26:38
9785,bicycle,,,2022-09-20 08:26:38
9786,bicycle,,,2022-09-20 08:26:39
9788,car,,,2022-09-20 08:27:01
9789,unclear,,,2022-09-20 08:27:12
9790,unclear,,,2022-09-20 08:27:15
9791,unclear,,,2022-09-20 08:27:18
9792,person,,,2022-09-20 08:27:21
9793,unclear,,,2022-09-20 08:27:23
9796,bicycle,,,2022-09-20 08:27:24
9798,person,,,2022-09-20 08:27:26
9800,bicycle,,,2022-09-20 08:27:26
9805,person,,,2022-09-20 08:27:27
9806,person,,,2022-09-20 08:27:28
9808,person,,,2022-09-20 08:27:28
9809,bicycle,,,2022-09-20 08:27:28
9810,person,,,2022-09-20 08:27:28
9811,person,,,2022-09-20 08:27:28
9813,person,,,2022-09-20 08:27:28
9817,unclear,,,2022-09-20 08:27:29
9818,bus,,,2022-09-20 08:27:29
9824,person,,,2022-09-20 08:27:33
9825,bus,,,2022-09-20 08:27:33
9827,bicycle,,,2022-09-20 08:27:34
9828,person,,,2022-09-20 08:27:34
9830,bicycle,,,2022-09-20 08:27:34
9831,person,,,2022-09-20 08:27:35
9833,person,,,2022-09-20 08:27:36
9835,person,,,2022-09-20 08:27:37
9836,unclear,,,2022-09-20 08:27:38
9837,person,,,2022-09-20 08:27:39
9838,person,,,2022-09-20 08:27:40
9839,person,,,2022-09-20 08:27:41
9841,unclear,,,2022-09-20 08:27:42
9842,unclear,,,2022-09-20 08:27:45
9843,person,"['Nord', 'Sued']",,2022-09-20 08:27:50
9844,bicycle,['Nord'],,2022-09-20 08:27:50
9845,motorcycle,,,2022-09-20 08:27:50
9847,person,,,2022-09-20 08:27:53
9848,person,,,2022-09-20 08:27:53
9849,bicycle,['Sued'],,2022-09-20 08:27:55
9851,bicycle,,,2022-09-20 08:27:56
9853,person,,,2022-09-20 08:27:57
9854,person,"['Nord', 'Sued']",,2022-09-20 08:27:58
9855,person,,,2022-09-20 08:27:58
9862,bicycle,"['Nord', 'Sued']",,2022-09-20 08:27:59
9863,person,['Nord'],,2022-09-20 08:27:59
9870,unclear,,,2022-09-20 08:28:00
9874,person,,,2022-09-20 08:28:00
9876,person,,,2022-09-20 08:28:02
9877,bicycle,['Nord'],,2022-09-20 08:28:02
9878,person,"['Nord', 'Sued']",,2022-09-20 08:28:02
9879,person,"['Nord', 'Sued']",,2022-09-20 08:28:02
9880,bicycle,['Sued'],,2022-09-20 08:28:02
9886,bicycle,,,2022-09-20 08:28:02
9889,unclear,,,2022-09-20 08:28:03
9891,person,['Nord'],,2022-09-20 08:28:03
9892,bicycle,,,2022-09-20 08:28:03
9895,person,,,2022-09-20 08:28:04
9896,bicycle,,,2022-09-20 08:28:04
9898,bicycle,,,2022-09-20 08:28:04
9899,bicycle,,,2022-09-20 08:28:04
9900,person,,,2022-09-20 08:28:04
9902,bicycle,,,2022-09-20 08:28:05
9904,person,,,2022-09-20 08:28:05
9906,bicycle,,,2022-09-20 08:28:06
9909,bicycle,"['Nord', 'Sued']",,2022-09-20 08:28:09
9911,person,['Nord'],,2022-09-20 08:28:09
9912,person,"['Nord', 'Sued']",,2022-09-20 08:28:09
9914,bicycle,,,2022-09-20 08:28:09
9915,bicycle,['Nord'],,2022-09-20 08:28:10
9916,unclear,,,2022-09-20 08:28:10
9917,bicycle,"['Nord', 'Sued']",,2022-09-20 08:28:10
9918,unclear,,,2022-09-20 08:28:10
9919,bicycle,['Nord'],,2022-09-20 08:28:10
9920,person,['Nord'],,2022-09-20 08:28:10
9921,person,,,2022-09-20 08:28:10
9924,unclear,,,2022-09-20 08:28:10
9925,bicycle,,,2022-09-20 08:28:10
9926,bicycle,,,2022-09-20 08:28:10
9929,bicycle,,,2022-09-20 08:28:11
9930,person,,,2022-09-20 08:28:11
9931,bicycle,,,2022-09-20 08:28:11
9932,person,"['Nord', 'Sued']",,2022-09-20 08:28:11
9935,bicycle,,,2022-09-20 08:28:11
9939,unclear,,,2022-09-20 08:28:12
9940,bicycle,,,2022-09-20 08:28:12
9941,bicycle,"['Nord', 'Sued']",,2022-09-20 08:28:12
9942,bicycle,,,2022-09-20 08:28:13
9943,unclear,,,2022-09-20 08:28:13
9944,person,['Nord'],,2022-09-20 08:28:13
9945,bicycle,,,2022-09-20 08:28:13
9952,person,['Sued'],,2022-09-20 08:28:14
9953,unclear,,,2022-09-20 08:28:15
9954,unclear,,,2022-09-20 08:28:15
9955,bicycle,['Sued'],,2022-09-20 08:28:15
9956,person,['Sued'],,2022-09-20 08:28:16
9957,bicycle,,,2022-09-20 08:28:16
9959,person,,,2022-09-20 08:28:17
9960,person,,,2022-09-20 08:28:18
9962,person,,,2022-09-20 08:28:20
9963,person,,,2022-09-20 08:28:20
9965,unclear,,,2022-09-20 08:28:23
9966,person,,,2022-09-20 08:28:25
9967,person,,,2022-09-20 08:28:27
9968,car,,,2022-09-20 08:28:30
9970,person,,,2022-09-20 08:28:34
9972,bicycle,,,2022-09-20 08:28:35
9974,person,,,2022-09-20 08:28:37
9976,person,,,2022-09-20 08:28:38
9978,person,"['Nord', 'Sued']",,2022-09-20 08:28:39
9979,bicycle,,,2022-09-20 08:28:40
9980,unclear,,,2022-09-20 08:28:40
9982,bicycle,,,2022-09-20 08:28:41
9983,bicycle,"['Nord', 'Sued']",,2022-09-20 08:28:41
9984,bicycle,"['Nord', 'Sued']",,2022-09-20 08:28:41
9985,person,"['Nord', 'Sued']",,2022-09-20 08:28:41
9989,bicycle,,,2022-09-20 08:28:43
9990,bicycle,,,2022-09-20 08:28:43
9991,bicycle,"['Nord', 'Sued']",,2022-09-20 08:28:44
9992,person,"['Nord', 'Sued']",,2022-09-20 08:28:44
9994,person,['Sued'],,2022-09-20 08:28:44
9997,car,"['Nord', 'Sued']",,2022-09-20 08:28:44
9998,person,,,2022-09-20 08:28:45
9999,bicycle,,,2022-09-20 08:28:45
10000,unclear,,,2022-09-20 08:28:45
10001,person,,,2022-09-20 08:28:46
10002,bicycle,,,2022-09-20 08:28:46
10003,bicycle,,,2022-09-20 08:28:46
10005,person,,,2022-09-20 08:28:46
10006,person,,,2022-09-20 08:28:46
10009,person,,,2022-09-20 08:28:48
10010,bicycle,,,2022-09-20 08:28:49
10011,person,,,2022-09-20 08:28:50
10013,person,,,2022-09-20 08:28:51
10014,person,,,2022-09-20 08:28:51
10015,bicycle,,,2022-09-20 08:28:51
10016,bicycle,,,2022-09-20 08:28:51
10017,person,,,2022-09-20 08:28:51
10019,unclear,,,2022-09-20 08:28:55
10020,bus,,,2022-09-20 08:28:58
10021,unclear,,,2022-09-20 08:29:00
10022,car,,,2022-09-20 08:29:00
10023,person,"['Nord', 'Sued']",,2022-09-20 08:29:02
10024,unclear,,,2022-09-20 08:29:03
10025,unclear,,,2022-09-20 08:29:04
10026,bus,,,2022-09-20 08:29:04
10027,unclear,,,2022-09-20 08:29:04
10028,bicycle,"['Nord', 'Sued']",,2022-09-20 08:29:04
10029,bicycle,,,2022-09-20 08:29:05
10033,bicycle,['Sued'],,2022-09-20 08:29:06
10036,person,['Sued'],,2022-09-20 08:29:07
10038,person,,,2022-09-20 08:29:08
10040,person,,,2022-09-20 08:29:09
10042,person,,,2022-09-20 08:29:09
10043,bicycle,,,2022-09-20 08:29:09
10045,bicycle,,,2022-09-20 08:29:11
10047,bicycle,,,2022-09-20 08:29:11
10048,bicycle,['Sued'],,2022-09-20 08:29:11
10050,person,,,2022-09-20 08:29:13
10051,person,,,2022-09-20 08:29:15
10052,person,,,2022-09-20 08:29:16
10053,person,,,2022-09-20 08:29:18
10055,bus,,,2022-09-20 08:29:20
10056,unclear,,,2022-09-20 08:29:21
10058,bus,,,2022-09-20 08:29:21
10060,person,,,2022-09-20 08:29:23
10062,bicycle,"['Nord', 'Sued']",,2022-09-20 08:29:26
10063,person,"['Nord', 'Sued']",,2022-09-20 08:29:26
10066,unclear,,,2022-09-20 08:29:26
10067,bicycle,,,2022-09-20 08:29:27
10068,bicycle,,,2022-09-20 08:29:27
10070,unclear,,,2022-09-20 08:29:27
10071,bicycle,,,2022-09-20 08:29:27
10073,unclear,,,2022-09-20 08:29:27
10076,bicycle,['Nord'],,2022-09-20 08:29:32
10077,person,"['Nord', 'Sued']",,2022-09-20 08:29:32
10078,person,"['Nord', 'Sued']",,2022-09-20 08:29:32
10079,person,"['Nord', 'Sued']",,2022-09-20 08:29:32
10080,person,"['Nord', 'Sued']",,2022-09-20 08:29:32
10086,bicycle,,,2022-09-20 08:29:33
10087,bicycle,,,2022-09-20 08:29:33
10088,bicycle,,,2022-09-20 08:29:33
10089,person,,,2022-09-20 08:29:33
10090,person,,,2022-09-20 08:29:33
10091,bicycle,,,2022-09-20 08:29:34
10092,unclear,,,2022-09-20 08:29:34
10093,unclear,,,2022-09-20 08:29:34
10094,person,,,2022-09-20 08:29:34
10095,person,,,2022-09-20 08:29:34
10097,person,,,2022-09-20 08:29:35
10098,unclear,,,2022-09-20 08:29:35
10099,bicycle,['Nord'],,2022-09-20 08:29:35
10100,unclear,,,2022-09-20 08:29:35
10102,unclear,,,2022-09-20 08:29:36
10105,person,,,2022-09-20 08:29:36
10108,unclear,,,2022-09-20 08:29:36
10109,bicycle,,,2022-09-20 08:29:37
10113,person,"['Nord', 'Sued']",,2022-09-20 08:29:37
10114,unclear,,,2022-09-20 08:29:37
10116,person,['Nord'],,2022-09-20 08:29:37
10117,unclear,,,2022-09-20 08:29:37
10119,person,,,2022-09-20 08:29:37
10120,person,,,2022-09-20 08:29:40
10122,bicycle,,,2022-09-20 08:29:41
10123,person,,,2022-09-20 08:29:43
10124,person,['Sued'],,2022-09-20 08:29:46
10125,bicycle,['Sued'],,2022-09-20 08:29:47
10126,person,,,2022-09-20 08:29:47
10127,person,['Sued'],,2022-09-20 08:29:47
10128,person,,,2022-09-20 08:29:47
10131,person,"['Nord', 'Sued']",,2022-09-20 08:29:47
10132,person,,,2022-09-20 08:29:48
10137,bicycle,"['Nord', 'Sued']",,2022-09-20 08:29:49
10138,person,,,2022-09-20 08:29:49
10140,person,,,2022-09-20 08:29:51
10143,unclear,['Nord'],,2022-09-20 08:29:51
10145,unclear,,,2022-09-20 08:29:51
10146,unclear,,,2022-09-20 08:29:52
10150,bicycle,,,2022-09-20 08:29:52
10151,person,,,2022-09-20 08:29:52
10152,bicycle,,,2022-09-20 08:29:53
10154,person,,,2022-09-20 08:29:54
10155,bicycle,,,2022-09-20 08:29:55
10156,bicycle,['Sued'],,2022-09-20 08:29:56
10158,person,,,2022-09-20 08:29:56
10159,bicycle,,,2022-09-20 08:29:56
10160,bicycle,,,2022-09-20 08:29:57
10163,person,,,2022-09-20 08:29:57
